[{
  "_id": {
    "$oid": "67024790fa0d07340d410747"
  },
  "chatRoomId": "1",
  "content": "차용증이 생성되었습니다. 상세 내용을 확인하세요.",
  "createdAt": {
    "$date": "2024-10-06T08:17:20.451Z"
  },
  "messageType": "IOU",
  "iouInfo": {
    "iouId": {
      "$numberLong": "15"
    },
    "creditorName": "김선웅",
    "debtorName": "강민서",
    "iouAmount": {
      "$numberLong": "5000000"
    },
    "contractStartDate": {
      "$date": "2024-10-06T08:17:20.198Z"
    },
    "contractEndDate": {
      "$date": "2025-04-06T03:00:00.000Z"
    },
    "interestRate": 3.5,
    "borrowerAgreement": false,
    "lenderAgreement": false,
    "totalAmount": {
      "$numberLong": "5175000"
    }
  },
  "_class": "com.ssafy.drcha.chat.entity.ChatMessage"
},
{
  "_id": {
    "$oid": "670247d8be8bfcf0bcd70cfb"
  },
  "chatRoomId": "1",
  "senderId": "1",
  "content": "김 대리: 6개월 정도면 될 것 같아요. 매달 50만원씩 갚아도 될까요?",
  "createdAt": {
    "$date": "2024-10-04T12:06:00.000Z"
  },
  "messageType": "TALK",
  "_class": "com.ssafy.drcha.chat.entity.ChatMessage"
},
{
  "_id": {
    "$oid": "670247d8be8bfcf0bcd70cfd"
  },
  "chatRoomId": "1",
  "senderId": "1",
  "content": "김 대리: 네 은행 금리면 2%죠? 알겠습니다.",
  "createdAt": {
    "$date": "2024-10-04T12:08:00.000Z"
  },
  "messageType": "TALK",
  "_class": "com.ssafy.drcha.chat.entity.ChatMessage"
},
{
  "_id": {
    "$oid": "670247d8be8bfcf0bcd70cf5"
  },
  "chatRoomId": "1",
  "senderId": "1",
  "content": "김 대리: 박 과장님, 잠시 시간 되세요?",
  "createdAt": {
    "$date": "2024-10-04T12:00:00.000Z"
  },
  "messageType": "TALK",
  "_class": "com.ssafy.drcha.chat.entity.ChatMessage"
},
{
  "_id": {
    "$oid": "670247d8be8bfcf0bcd70cf9"
  },
  "chatRoomId": "1",
  "senderId": "1",
  "content": "김 대리: 아버지가 갑자기 수술하셔야 해서요. 보험으로 안 되는 부분이라...",
  "createdAt": {
    "$date": "2024-10-04T12:04:00.000Z"
  },
  "messageType": "TALK",
  "_class": "com.ssafy.drcha.chat.entity.ChatMessage"
},
{
  "_id": {
    "$oid": "670247d8be8bfcf0bcd70cfa"
  },
  "chatRoomId": "1",
  "senderId": "2",
  "content": "박 과장: 아, 그렇군요. 언제쯤 갚으실 수 있을까요?",
  "createdAt": {
    "$date": "2024-10-04T12:05:00.000Z"
  },
  "messageType": "TALK",
  "_class": "com.ssafy.drcha.chat.entity.ChatMessage"
},
{
  "_id": {
    "$oid": "670247d8be8bfcf0bcd70cf7"
  },
  "chatRoomId": "1",
  "senderId": "1",
  "content": "김 대리: 저... 좀 민감한 부탁인데, 혹시 400만원 정도 빌려주실 수 있을까요?",
  "createdAt": {
    "$date": "2024-10-04T12:02:00.000Z"
  },
  "messageType": "TALK",
  "_class": "com.ssafy.drcha.chat.entity.ChatMessage"
},
{
  "_id": {
    "$oid": "670247d8be8bfcf0bcd70cf8"
  },
  "chatRoomId": "1",
  "senderId": "2",
  "content": "박 과장: 400만원요? 꽤 큰 금액인데, 무슨 일 있나요?",
  "createdAt": {
    "$date": "2024-10-04T12:03:00.000Z"
  },
  "messageType": "TALK",
  "_class": "com.ssafy.drcha.chat.entity.ChatMessage"
},
{
  "_id": {
    "$oid": "670247d8be8bfcf0bcd70cfe"
  },
  "chatRoomId": "1",
  "senderId": "2",
  "content": "박 과장: 알겠습니다. 그럼 내일 계약서 간단히 작성하고 돈 드릴게요. 아버지 수술 잘 되시길 바랄게요.",
  "createdAt": {
    "$date": "2024-10-04T12:09:00.000Z"
  },
  "messageType": "TALK",
  "_class": "com.ssafy.drcha.chat.entity.ChatMessage"
},
{
  "_id": {
    "$oid": "670247d8be8bfcf0bcd70cf6"
  },
  "chatRoomId": "1",
  "senderId": "2",
  "content": "박 과장: 네, 무슨 일이에요 김 대리?",
  "createdAt": {
    "$date": "2024-10-04T12:01:00.000Z"
  },
  "messageType": "TALK",
  "_class": "com.ssafy.drcha.chat.entity.ChatMessage"
},
{
  "_id": {
    "$oid": "670247d8be8bfcf0bcd70cfc"
  },
  "chatRoomId": "1",
  "senderId": "2",
  "content": "박 과장: 음, 그럼 이자는 어떻게 할까요? 은행 금리 정도로 하는 게 어떨까요?",
  "createdAt": {
    "$date": "2024-10-04T12:07:00.000Z"
  },
  "messageType": "TALK",
  "_class": "com.ssafy.drcha.chat.entity.ChatMessage"
},
{
  "_id": {
    "$oid": "67024834318f26248c6cc035"
  },
  "chatRoomId": "1",
  "content": "차용증이 생성되었습니다. 상세 내용을 확인하세요.",
  "createdAt": {
    "$date": "2024-10-06T08:20:04.784Z"
  },
  "messageType": "IOU",
  "iouInfo": {
    "iouId": {
      "$numberLong": "16"
    },
    "creditorName": "김선웅",
    "debtorName": "강민서",
    "iouAmount": {
      "$numberLong": "4000000"
    },
    "contractStartDate": {
      "$date": "2024-10-06T08:20:04.578Z"
    },
    "contractEndDate": {
      "$date": "2025-04-05T15:00:00.000Z"
    },
    "interestRate": 2,
    "borrowerAgreement": false,
    "lenderAgreement": false,
    "totalAmount": {
      "$numberLong": "4080000"
    }
  },
  "_class": "com.ssafy.drcha.chat.entity.ChatMessage"
},
{
  "_id": {
    "$oid": "67024915318f26248c6cc036"
  },
  "chatRoomId": "1",
  "content": "차용증이 생성되었습니다. 상세 내용을 확인하세요.",
  "createdAt": {
    "$date": "2024-10-06T08:23:49.581Z"
  },
  "messageType": "IOU",
  "iouInfo": {
    "iouId": {
      "$numberLong": "17"
    },
    "creditorName": "김선웅",
    "debtorName": "강민서",
    "iouAmount": {
      "$numberLong": "4000000"
    },
    "contractStartDate": {
      "$date": "2024-10-06T08:23:49.456Z"
    },
    "contractEndDate": {
      "$date": "2025-04-06T15:00:00.000Z"
    },
    "interestRate": 2,
    "borrowerAgreement": false,
    "lenderAgreement": false,
    "totalAmount": {
      "$numberLong": "4080000"
    }
  },
  "_class": "com.ssafy.drcha.chat.entity.ChatMessage"
},
{
  "_id": {
    "$oid": "67024afae725d9419a417772"
  },
  "chatRoomId": "1",
  "content": "차용증이 생성되었습니다. 상세 내용을 확인하세요.",
  "createdAt": {
    "$date": "2024-10-06T08:31:54.274Z"
  },
  "messageType": "IOU",
  "iouInfo": {
    "iouId": {
      "$numberLong": "18"
    },
    "creditorName": "김선웅",
    "debtorName": "강민서",
    "iouAmount": {
      "$numberLong": "4000000"
    },
    "contractStartDate": {
      "$date": "2024-10-06T08:31:54.016Z"
    },
    "contractEndDate": {
      "$date": "2024-04-06T15:00:00.000Z"
    },
    "interestRate": 2,
    "borrowerAgreement": false,
    "lenderAgreement": false,
    "totalAmount": {
      "$numberLong": "4080000"
    }
  },
  "_class": "com.ssafy.drcha.chat.entity.ChatMessage"
},
{
  "_id": {
    "$oid": "67025099e06b2d1608228024"
  },
  "chatRoomId": "27",
  "senderId": "4",
  "content": "qwe",
  "createdAt": {
    "$date": "2024-10-06T08:55:53.345Z"
  },
  "messageType": "TALK",
  "_class": "com.ssafy.drcha.chat.entity.ChatMessage"
},
{
  "_id": {
    "$oid": "6702509be06b2d1608228025"
  },
  "chatRoomId": "27",
  "senderId": "4",
  "content": "qwe",
  "createdAt": {
    "$date": "2024-10-06T08:55:55.873Z"
  },
  "messageType": "TALK",
  "_class": "com.ssafy.drcha.chat.entity.ChatMessage"
},
{
  "_id": {
    "$oid": "67026c43a6c5de0546e97625"
  },
  "chatRoomId": "27",
  "senderId": "4",
  "content": "123123",
  "createdAt": {
    "$date": "2024-10-06T10:53:55.747Z"
  },
  "messageType": "TALK",
  "_class": "com.ssafy.drcha.chat.entity.ChatMessage"
},
{
  "_id": {
    "$oid": "67026cbfa6c5de0546e97626"
  },
  "chatRoomId": "27",
  "senderId": "4",
  "content": "1231231",
  "createdAt": {
    "$date": "2024-10-06T10:55:59.502Z"
  },
  "messageType": "TALK",
  "_class": "com.ssafy.drcha.chat.entity.ChatMessage"
},
{
  "_id": {
    "$oid": "67026d7da6c5de0546e97627"
  },
  "chatRoomId": "27",
  "senderId": "4",
  "content": "qweqew",
  "createdAt": {
    "$date": "2024-10-06T10:59:09.574Z"
  },
  "messageType": "TALK",
  "_class": "com.ssafy.drcha.chat.entity.ChatMessage"
},
{
  "_id": {
    "$oid": "67026d9aa6c5de0546e97628"
  },
  "chatRoomId": "27",
  "senderId": "4",
  "content": "qwe",
  "createdAt": {
    "$date": "2024-10-06T10:59:38.306Z"
  },
  "messageType": "TALK",
  "_class": "com.ssafy.drcha.chat.entity.ChatMessage"
},
{
  "_id": {
    "$oid": "67026df4a6c5de0546e97629"
  },
  "chatRoomId": "27",
  "senderId": "4",
  "content": "qwe",
  "createdAt": {
    "$date": "2024-10-06T11:01:08.564Z"
  },
  "messageType": "TALK",
  "_class": "com.ssafy.drcha.chat.entity.ChatMessage"
},
{
  "_id": {
    "$oid": "67026e01a6c5de0546e9762a"
  },
  "chatRoomId": "27",
  "senderId": "4",
  "content": "qwe",
  "createdAt": {
    "$date": "2024-10-06T11:01:21.272Z"
  },
  "messageType": "TALK",
  "_class": "com.ssafy.drcha.chat.entity.ChatMessage"
},
{
  "_id": {
    "$oid": "67026e03a6c5de0546e9762b"
  },
  "chatRoomId": "27",
  "senderId": "4",
  "content": "qqqqq",
  "createdAt": {
    "$date": "2024-10-06T11:01:23.074Z"
  },
  "messageType": "TALK",
  "_class": "com.ssafy.drcha.chat.entity.ChatMessage"
},
{
  "_id": {
    "$oid": "67027b64a15eef2b0f885bd3"
  },
  "chatRoomId": "1",
  "content": "차용증이 생성되었습니다. 상세 내용을 확인하세요.",
  "createdAt": {
    "$date": "2024-10-06T11:58:28.299Z"
  },
  "messageType": "IOU",
  "iouInfo": {
    "iouId": {
      "$numberLong": "19"
    },
    "creditorName": "김선웅",
    "debtorName": "강민서",
    "iouAmount": {
      "$numberLong": "4000000"
    },
    "contractStartDate": {
      "$date": "2024-10-06T11:58:28.079Z"
    },
    "contractEndDate": {
      "$date": "2025-04-06T00:00:00.000Z"
    },
    "interestRate": 2,
    "borrowerAgreement": false,
    "lenderAgreement": false,
    "totalAmount": {
      "$numberLong": "4080000"
    }
  },
  "_class": "com.ssafy.drcha.chat.entity.ChatMessage"
},
{
  "_id": {
    "$oid": "67027c9da15eef2b0f885bd4"
  },
  "chatRoomId": "27",
  "content": "차용증이 생성되었습니다. 상세 내용을 확인하세요.",
  "createdAt": {
    "$date": "2024-10-06T12:03:41.334Z"
  },
  "messageType": "IOU",
  "iouInfo": {
    "iouId": {
      "$numberLong": "20"
    },
    "creditorName": "강민서",
    "debtorName": "이지원",
    "iouAmount": {
      "$numberLong": "1231231"
    },
    "contractStartDate": {
      "$date": "2024-10-06T12:03:41.219Z"
    },
    "contractEndDate": {
      "$date": "2024-10-06T00:00:00.000Z"
    },
    "interestRate": 0,
    "borrowerAgreement": false,
    "lenderAgreement": false,
    "totalAmount": {
      "$numberLong": "1231231"
    }
  },
  "_class": "com.ssafy.drcha.chat.entity.ChatMessage"
},
{
  "_id": {
    "$oid": "67027e8664783f729a3456fd"
  },
  "chatRoomId": "1",
  "content": "차용증이 생성되었습니다. 상세 내용을 확인하세요.",
  "createdAt": {
    "$date": "2024-10-06T12:11:50.178Z"
  },
  "messageType": "IOU",
  "iouInfo": {
    "iouId": {
      "$numberLong": "21"
    },
    "creditorName": "김선웅",
    "debtorName": "강민서",
    "iouAmount": {
      "$numberLong": "4000000"
    },
    "contractStartDate": {
      "$date": "2024-10-06T12:11:49.927Z"
    },
    "contractEndDate": {
      "$date": "2025-03-05T15:00:00.000Z"
    },
    "interestRate": 2,
    "borrowerAgreement": false,
    "lenderAgreement": false,
    "totalAmount": {
      "$numberLong": "4080000"
    }
  },
  "_class": "com.ssafy.drcha.chat.entity.ChatMessage"
},
{
  "_id": {
    "$oid": "67027e9364783f729a3456fe"
  },
  "chatRoomId": "27",
  "content": "차용증이 생성되었습니다. 상세 내용을 확인하세요.",
  "createdAt": {
    "$date": "2024-10-06T12:12:03.099Z"
  },
  "messageType": "IOU",
  "iouInfo": {
    "iouId": {
      "$numberLong": "22"
    },
    "creditorName": "강민서",
    "debtorName": "이지원",
    "iouAmount": {
      "$numberLong": "0"
    },
    "contractStartDate": {
      "$date": "2024-10-06T12:12:02.998Z"
    },
    "contractEndDate": {
      "$date": "2024-10-05T15:00:00.000Z"
    },
    "interestRate": 0,
    "borrowerAgreement": false,
    "lenderAgreement": false,
    "totalAmount": {
      "$numberLong": "0"
    }
  },
  "_class": "com.ssafy.drcha.chat.entity.ChatMessage"
},
{
  "_id": {
    "$oid": "67027e9764783f729a3456ff"
  },
  "chatRoomId": "27",
  "content": "차용증이 생성되었습니다. 상세 내용을 확인하세요.",
  "createdAt": {
    "$date": "2024-10-06T12:12:07.992Z"
  },
  "messageType": "IOU",
  "iouInfo": {
    "iouId": {
      "$numberLong": "23"
    },
    "creditorName": "강민서",
    "debtorName": "이지원",
    "iouAmount": {
      "$numberLong": "0"
    },
    "contractStartDate": {
      "$date": "2024-10-06T12:12:07.884Z"
    },
    "contractEndDate": {
      "$date": "2024-10-05T15:00:00.000Z"
    },
    "interestRate": 0,
    "borrowerAgreement": false,
    "lenderAgreement": false,
    "totalAmount": {
      "$numberLong": "0"
    }
  },
  "_class": "com.ssafy.drcha.chat.entity.ChatMessage"
},
{
  "_id": {
    "$oid": "67027f2e7b3f05761b9616f8"
  },
  "chatRoomId": "27",
  "content": "차용증이 생성되었습니다. 상세 내용을 확인하세요.",
  "createdAt": {
    "$date": "2024-10-06T12:14:38.671Z"
  },
  "messageType": "IOU",
  "iouInfo": {
    "iouId": {
      "$numberLong": "24"
    },
    "creditorName": "강민서",
    "debtorName": "이지원",
    "iouAmount": {
      "$numberLong": "0"
    },
    "contractStartDate": {
      "$date": "2024-10-06T12:14:38.389Z"
    },
    "contractEndDate": {
      "$date": "2024-10-05T15:00:00.000Z"
    },
    "interestRate": 0,
    "borrowerAgreement": false,
    "lenderAgreement": false,
    "totalAmount": {
      "$numberLong": "0"
    }
  },
  "_class": "com.ssafy.drcha.chat.entity.ChatMessage"
},
{
  "_id": {
    "$oid": "67027f6ae2434c392a38255a"
  },
  "chatRoomId": "27",
  "content": "차용증이 생성되었습니다. 상세 내용을 확인하세요.",
  "createdAt": {
    "$date": "2024-10-06T12:15:38.053Z"
  },
  "messageType": "IOU",
  "iouInfo": {
    "iouId": {
      "$numberLong": "25"
    },
    "creditorName": "강민서",
    "debtorName": "이지원",
    "iouAmount": {
      "$numberLong": "0"
    },
    "contractStartDate": {
      "$date": "2024-10-06T12:15:37.837Z"
    },
    "contractEndDate": {
      "$date": "2024-10-05T15:00:00.000Z"
    },
    "interestRate": 0,
    "borrowerAgreement": false,
    "lenderAgreement": false,
    "totalAmount": {
      "$numberLong": "0"
    }
  },
  "_class": "com.ssafy.drcha.chat.entity.ChatMessage"
},
{
  "_id": {
    "$oid": "67027f8be2434c392a38255b"
  },
  "chatRoomId": "1",
  "content": "차용증이 생성되었습니다. 상세 내용을 확인하세요.",
  "createdAt": {
    "$date": "2024-10-06T12:16:11.644Z"
  },
  "messageType": "IOU",
  "iouInfo": {
    "iouId": {
      "$numberLong": "26"
    },
    "creditorName": "김선웅",
    "debtorName": "강민서",
    "iouAmount": {
      "$numberLong": "4000000"
    },
    "contractStartDate": {
      "$date": "2024-10-06T12:16:11.517Z"
    },
    "contractEndDate": {
      "$date": "2025-04-06T15:00:00.000Z"
    },
    "interestRate": 2,
    "borrowerAgreement": false,
    "lenderAgreement": false,
    "totalAmount": {
      "$numberLong": "4080000"
    }
  },
  "_class": "com.ssafy.drcha.chat.entity.ChatMessage"
},
{
  "_id": {
    "$oid": "67027f8fe2434c392a38255c"
  },
  "chatRoomId": "1",
  "content": "차용증이 생성되었습니다. 상세 내용을 확인하세요.",
  "createdAt": {
    "$date": "2024-10-06T12:16:15.827Z"
  },
  "messageType": "IOU",
  "iouInfo": {
    "iouId": {
      "$numberLong": "27"
    },
    "creditorName": "김선웅",
    "debtorName": "강민서",
    "iouAmount": {
      "$numberLong": "4000000"
    },
    "contractStartDate": {
      "$date": "2024-10-06T12:16:15.739Z"
    },
    "contractEndDate": {
      "$date": "2025-04-05T15:00:00.000Z"
    },
    "interestRate": 2,
    "borrowerAgreement": false,
    "lenderAgreement": false,
    "totalAmount": {
      "$numberLong": "4080000"
    }
  },
  "_class": "com.ssafy.drcha.chat.entity.ChatMessage"
},
{
  "_id": {
    "$oid": "67027fd0ed8f317dd21e1c77"
  },
  "chatRoomId": "1",
  "senderId": "0",
  "content": "차용증이 생성되었습니다. 상세 내용을 확인하세요.",
  "createdAt": {
    "$date": "2024-10-06T12:17:20.093Z"
  },
  "messageType": "IOU",
  "iouInfo": {
    "iouId": {
      "$numberLong": "28"
    },
    "creditorName": "김선웅",
    "debtorName": "강민서",
    "iouAmount": {
      "$numberLong": "4000000"
    },
    "contractStartDate": {
      "$date": "2024-10-06T12:17:19.889Z"
    },
    "contractEndDate": {
      "$date": "2025-04-04T15:00:00.000Z"
    },
    "interestRate": 2,
    "borrowerAgreement": false,
    "lenderAgreement": false,
    "totalAmount": {
      "$numberLong": "4080000"
    }
  },
  "_class": "com.ssafy.drcha.chat.entity.ChatMessage"
},
{
  "_id": {
    "$oid": "6702803ced8f317dd21e1c78"
  },
  "chatRoomId": "1",
  "senderId": "0",
  "content": "차용증이 생성되었습니다. 상세 내용을 확인하세요.",
  "createdAt": {
    "$date": "2024-10-06T12:19:08.842Z"
  },
  "messageType": "IOU",
  "iouInfo": {
    "iouId": {
      "$numberLong": "29"
    },
    "creditorName": "김선웅",
    "debtorName": "강민서",
    "iouAmount": {
      "$numberLong": "4000000"
    },
    "contractStartDate": {
      "$date": "2024-10-06T12:19:08.716Z"
    },
    "contractEndDate": {
      "$date": "2024-04-06T15:00:00.000Z"
    },
    "interestRate": 2,
    "borrowerAgreement": false,
    "lenderAgreement": false,
    "totalAmount": {
      "$numberLong": "4080000"
    }
  },
  "_class": "com.ssafy.drcha.chat.entity.ChatMessage"
},
{
  "_id": {
    "$oid": "67036b310323c30e79cf3838"
  },
  "chatRoomId": "40",
  "senderId": "3",
  "content": "야",
  "createdAt": {
    "$date": "2024-10-07T05:01:37.643Z"
  },
  "messageType": "TALK",
  "_class": "com.ssafy.drcha.chat.entity.ChatMessage"
},
{
  "_id": {
    "$oid": "67036b3b0323c30e79cf3839"
  },
  "chatRoomId": "40",
  "senderId": "3",
  "content": "야",
  "createdAt": {
    "$date": "2024-10-07T05:01:47.185Z"
  },
  "messageType": "TALK",
  "_class": "com.ssafy.drcha.chat.entity.ChatMessage"
},
{
  "_id": {
    "$oid": "67036b3f0323c30e79cf383a"
  },
  "chatRoomId": "40",
  "senderId": "3",
  "content": "야",
  "createdAt": {
    "$date": "2024-10-07T05:01:51.673Z"
  },
  "messageType": "TALK",
  "_class": "com.ssafy.drcha.chat.entity.ChatMessage"
},
{
  "_id": {
    "$oid": "67036b410323c30e79cf383b"
  },
  "chatRoomId": "40",
  "senderId": "3",
  "content": "돈 빌려줘?",
  "createdAt": {
    "$date": "2024-10-07T05:01:53.948Z"
  },
  "messageType": "TALK",
  "_class": "com.ssafy.drcha.chat.entity.ChatMessage"
},
{
  "_id": {
    "$oid": "67036b470323c30e79cf383c"
  },
  "chatRoomId": "40",
  "senderId": "3",
  "content": "얼마 빌려줘?",
  "createdAt": {
    "$date": "2024-10-07T05:01:59.060Z"
  },
  "messageType": "TALK",
  "_class": "com.ssafy.drcha.chat.entity.ChatMessage"
},
{
  "_id": {
    "$oid": "67036b740323c30e79cf383d"
  },
  "chatRoomId": "40",
  "senderId": "2",
  "content": "경림아 나 100만원만 빌려줘 ㅜㅠㅜ",
  "createdAt": {
    "$date": "2024-10-07T05:02:44.244Z"
  },
  "messageType": "TALK",
  "_class": "com.ssafy.drcha.chat.entity.ChatMessage"
},
{
  "_id": {
    "$oid": "67036b770323c30e79cf383e"
  },
  "chatRoomId": "40",
  "senderId": "3",
  "content": "그래!",
  "createdAt": {
    "$date": "2024-10-07T05:02:47.601Z"
  },
  "messageType": "TALK",
  "_class": "com.ssafy.drcha.chat.entity.ChatMessage"
},
{
  "_id": {
    "$oid": "67036b800323c30e79cf383f"
  },
  "chatRoomId": "40",
  "senderId": "3",
  "content": "언제까지 갚을 수 있을 것 같아?",
  "createdAt": {
    "$date": "2024-10-07T05:02:56.602Z"
  },
  "messageType": "TALK",
  "_class": "com.ssafy.drcha.chat.entity.ChatMessage"
},
{
  "_id": {
    "$oid": "67036b890323c30e79cf3840"
  },
  "chatRoomId": "40",
  "senderId": "2",
  "content": "음......3달 뒤에 갚아도 될까?",
  "createdAt": {
    "$date": "2024-10-07T05:03:05.520Z"
  },
  "messageType": "TALK",
  "_class": "com.ssafy.drcha.chat.entity.ChatMessage"
},
{
  "_id": {
    "$oid": "67036b8b0323c30e79cf3841"
  },
  "chatRoomId": "40",
  "senderId": "3",
  "content": "음...",
  "createdAt": {
    "$date": "2024-10-07T05:03:07.877Z"
  },
  "messageType": "TALK",
  "_class": "com.ssafy.drcha.chat.entity.ChatMessage"
},
{
  "_id": {
    "$oid": "67036b8e0323c30e79cf3842"
  },
  "chatRoomId": "40",
  "senderId": "3",
  "content": "그래!",
  "createdAt": {
    "$date": "2024-10-07T05:03:10.203Z"
  },
  "messageType": "TALK",
  "_class": "com.ssafy.drcha.chat.entity.ChatMessage"
},
{
  "_id": {
    "$oid": "67036b9a0323c30e79cf3843"
  },
  "chatRoomId": "40",
  "senderId": "3",
  "content": "정확히 25년 1월 7일?",
  "createdAt": {
    "$date": "2024-10-07T05:03:22.577Z"
  },
  "messageType": "TALK",
  "_class": "com.ssafy.drcha.chat.entity.ChatMessage"
},
{
  "_id": {
    "$oid": "67036ba50323c30e79cf3844"
  },
  "chatRoomId": "40",
  "senderId": "2",
  "content": " 응응 2025년 1월 7일에 갚을게 ㅋㅋㅋ",
  "createdAt": {
    "$date": "2024-10-07T05:03:33.484Z"
  },
  "messageType": "TALK",
  "_class": "com.ssafy.drcha.chat.entity.ChatMessage"
},
{
  "_id": {
    "$oid": "67036bad0323c30e79cf3845"
  },
  "chatRoomId": "40",
  "senderId": "3",
  "content": "그래",
  "createdAt": {
    "$date": "2024-10-07T05:03:41.515Z"
  },
  "messageType": "TALK",
  "_class": "com.ssafy.drcha.chat.entity.ChatMessage"
},
{
  "_id": {
    "$oid": "67036bae0323c30e79cf3846"
  },
  "chatRoomId": "40",
  "senderId": "3",
  "content": "이자율",
  "createdAt": {
    "$date": "2024-10-07T05:03:42.666Z"
  },
  "messageType": "TALK",
  "_class": "com.ssafy.drcha.chat.entity.ChatMessage"
},
{
  "_id": {
    "$oid": "67036baf0323c30e79cf3847"
  },
  "chatRoomId": "40",
  "senderId": "3",
  "content": "..",
  "createdAt": {
    "$date": "2024-10-07T05:03:43.890Z"
  },
  "messageType": "TALK",
  "_class": "com.ssafy.drcha.chat.entity.ChatMessage"
},
{
  "_id": {
    "$oid": "67036bb10323c30e79cf3848"
  },
  "chatRoomId": "40",
  "senderId": "3",
  "content": "얼마..",
  "createdAt": {
    "$date": "2024-10-07T05:03:45.112Z"
  },
  "messageType": "TALK",
  "_class": "com.ssafy.drcha.chat.entity.ChatMessage"
},
{
  "_id": {
    "$oid": "67036bb10323c30e79cf3849"
  },
  "chatRoomId": "40",
  "senderId": "2",
  "content": "최고다 최고",
  "createdAt": {
    "$date": "2024-10-07T05:03:45.615Z"
  },
  "messageType": "TALK",
  "_class": "com.ssafy.drcha.chat.entity.ChatMessage"
},
{
  "_id": {
    "$oid": "67036bb40323c30e79cf384a"
  },
  "chatRoomId": "40",
  "senderId": "2",
  "content": "친구끼리 뭔 이자야",
  "createdAt": {
    "$date": "2024-10-07T05:03:48.380Z"
  },
  "messageType": "TALK",
  "_class": "com.ssafy.drcha.chat.entity.ChatMessage"
},
{
  "_id": {
    "$oid": "67036bb60323c30e79cf384b"
  },
  "chatRoomId": "40",
  "senderId": "2",
  "content": "너 쌈 잘하냐?",
  "createdAt": {
    "$date": "2024-10-07T05:03:50.763Z"
  },
  "messageType": "TALK",
  "_class": "com.ssafy.drcha.chat.entity.ChatMessage"
},
{
  "_id": {
    "$oid": "67036bb70323c30e79cf384c"
  },
  "chatRoomId": "40",
  "senderId": "3",
  "content": "잉?",
  "createdAt": {
    "$date": "2024-10-07T05:03:51.316Z"
  },
  "messageType": "TALK",
  "_class": "com.ssafy.drcha.chat.entity.ChatMessage"
},
{
  "_id": {
    "$oid": "67036bbc0323c30e79cf384d"
  },
  "chatRoomId": "40",
  "senderId": "3",
  "content": "너랑 나랑 친구였어?",
  "createdAt": {
    "$date": "2024-10-07T05:03:56.716Z"
  },
  "messageType": "TALK",
  "_class": "com.ssafy.drcha.chat.entity.ChatMessage"
},
{
  "_id": {
    "$oid": "67036bbd0323c30e79cf384e"
  },
  "chatRoomId": "40",
  "senderId": "2",
  "content": "이자 없이 가자 제발...",
  "createdAt": {
    "$date": "2024-10-07T05:03:57.945Z"
  },
  "messageType": "TALK",
  "_class": "com.ssafy.drcha.chat.entity.ChatMessage"
},
{
  "_id": {
    "$oid": "67036bc20323c30e79cf384f"
  },
  "chatRoomId": "40",
  "senderId": "3",
  "content": "그래..",
  "createdAt": {
    "$date": "2024-10-07T05:04:02.815Z"
  },
  "messageType": "TALK",
  "_class": "com.ssafy.drcha.chat.entity.ChatMessage"
},
{
  "_id": {
    "$oid": "67036bc50323c30e79cf3850"
  },
  "chatRoomId": "40",
  "senderId": "2",
  "content": "고마워 ㅎㅎㅎ",
  "createdAt": {
    "$date": "2024-10-07T05:04:05.775Z"
  },
  "messageType": "TALK",
  "_class": "com.ssafy.drcha.chat.entity.ChatMessage"
},
{
  "_id": {
    "$oid": "67036d113e97bd2510106fc2"
  },
  "chatRoomId": "40",
  "senderId": "0",
  "content": "차용증이 생성되었습니다. 상세 내용을 확인하세요.",
  "createdAt": {
    "$date": "2024-10-07T05:09:37.502Z"
  },
  "messageType": "IOU",
  "iouInfo": {
    "iouId": {
      "$numberLong": "30"
    },
    "creditorName": "박경림",
    "debtorName": "강민서",
    "iouAmount": {
      "$numberLong": "1000000"
    },
    "contractStartDate": {
      "$date": "2024-10-07T05:09:37.342Z"
    },
    "contractEndDate": {
      "$date": "2025-01-07T00:00:00.000Z"
    },
    "interestRate": 0,
    "borrowerAgreement": false,
    "lenderAgreement": false,
    "totalAmount": {
      "$numberLong": "1000000"
    }
  },
  "_class": "com.ssafy.drcha.chat.entity.ChatMessage"
},
{
  "_id": {
    "$oid": "670378a13e97bd2510106fc3"
  },
  "chatRoomId": "43",
  "senderId": "3",
  "content": "안녕하세요",
  "createdAt": {
    "$date": "2024-10-07T05:58:57.177Z"
  },
  "messageType": "TALK",
  "_class": "com.ssafy.drcha.chat.entity.ChatMessage"
},
{
  "_id": {
    "$oid": "670378a83e97bd2510106fc4"
  },
  "chatRoomId": "43",
  "senderId": "3",
  "content": "만원만 빌려주세요",
  "createdAt": {
    "$date": "2024-10-07T05:59:04.057Z"
  },
  "messageType": "TALK",
  "_class": "com.ssafy.drcha.chat.entity.ChatMessage"
},
{
  "_id": {
    "$oid": "670378aa3e97bd2510106fc5"
  },
  "chatRoomId": "43",
  "senderId": "3",
  "content": "내일까지 갚을게요",
  "createdAt": {
    "$date": "2024-10-07T05:59:06.931Z"
  },
  "messageType": "TALK",
  "_class": "com.ssafy.drcha.chat.entity.ChatMessage"
},
{
  "_id": {
    "$oid": "670378c03e97bd2510106fc6"
  },
  "chatRoomId": "43",
  "senderId": "0",
  "content": "차용증이 생성되었습니다. 상세 내용을 확인하세요.",
  "createdAt": {
    "$date": "2024-10-07T05:59:28.124Z"
  },
  "messageType": "IOU",
  "iouInfo": {
    "iouId": {
      "$numberLong": "31"
    },
    "creditorName": "강민서",
    "debtorName": "박경림",
    "iouAmount": {
      "$numberLong": "10000"
    },
    "contractStartDate": {
      "$date": "2024-10-07T05:59:28.027Z"
    },
    "contractEndDate": {
      "$date": "2024-10-08T00:00:00.000Z"
    },
    "interestRate": 0,
    "borrowerAgreement": false,
    "lenderAgreement": false,
    "totalAmount": {
      "$numberLong": "10000"
    }
  },
  "_class": "com.ssafy.drcha.chat.entity.ChatMessage"
},
{
  "_id": {
    "$oid": "67038654e410640b5e563cd7"
  },
  "chatRoomId": "45",
  "senderId": "3",
  "content": "오빠 나 5만원만 빌려줘",
  "createdAt": {
    "$date": "2024-10-07T06:57:24.846Z"
  },
  "messageType": "TALK",
  "_class": "com.ssafy.drcha.chat.entity.ChatMessage"
},
{
  "_id": {
    "$oid": "6703865ae410640b5e563cd8"
  },
  "chatRoomId": "45",
  "senderId": "3",
  "content": "다음 주까지 갚을게",
  "createdAt": {
    "$date": "2024-10-07T06:57:30.591Z"
  },
  "messageType": "TALK",
  "_class": "com.ssafy.drcha.chat.entity.ChatMessage"
},
{
  "_id": {
    "$oid": "67038689e410640b5e563cd9"
  },
  "chatRoomId": "45",
  "senderId": "0",
  "content": "차용증이 생성되었습니다. 상세 내용을 확인하세요.",
  "createdAt": {
    "$date": "2024-10-07T06:58:17.508Z"
  },
  "messageType": "IOU",
  "iouInfo": {
    "iouId": {
      "$numberLong": "32"
    },
    "creditorName": "김선웅",
    "debtorName": "박경림",
    "iouAmount": {
      "$numberLong": "50000"
    },
    "contractStartDate": {
      "$date": "2024-10-07T06:58:17.388Z"
    },
    "contractEndDate": {
      "$date": "2024-10-14T00:00:00.000Z"
    },
    "interestRate": 0,
    "borrowerAgreement": false,
    "lenderAgreement": false,
    "totalAmount": {
      "$numberLong": "50000"
    }
  },
  "_class": "com.ssafy.drcha.chat.entity.ChatMessage"
},
{
  "_id": {
    "$oid": "67038e6248304e216435f257"
  },
  "chatRoomId": "2",
  "senderId": "4",
  "content": "ㅁㄴㅇㅁㄴㅇㅁㄴㅇㄴㅇ",
  "createdAt": {
    "$date": "2024-10-07T07:31:46.392Z"
  },
  "messageType": "TALK",
  "_class": "com.ssafy.drcha.chat.entity.ChatMessage"
},
{
  "_id": {
    "$oid": "67038e9ce410640b5e563cda"
  },
  "chatRoomId": "27",
  "senderId": "4",
  "content": "아터터터ㅓㅇㅇ",
  "createdAt": {
    "$date": "2024-10-07T07:32:44.876Z"
  },
  "messageType": "TALK",
  "_class": "com.ssafy.drcha.chat.entity.ChatMessage"
},
{
  "_id": {
    "$oid": "67039570e410640b5e563cdb"
  },
  "chatRoomId": "49",
  "senderId": "3",
  "content": "ㅎㅇ",
  "createdAt": {
    "$date": "2024-10-07T08:01:52.445Z"
  },
  "messageType": "TALK",
  "_class": "com.ssafy.drcha.chat.entity.ChatMessage"
},
{
  "_id": {
    "$oid": "6703958fe410640b5e563cdc"
  },
  "chatRoomId": "49",
  "senderId": "12",
  "content": "하이",
  "createdAt": {
    "$date": "2024-10-07T08:02:23.658Z"
  },
  "messageType": "TALK",
  "_class": "com.ssafy.drcha.chat.entity.ChatMessage"
},
{
  "_id": {
    "$oid": "67039598e410640b5e563cdd"
  },
  "chatRoomId": "49",
  "senderId": "12",
  "content": "나 오만원만 빌려줘라",
  "createdAt": {
    "$date": "2024-10-07T08:02:32.268Z"
  },
  "messageType": "TALK",
  "_class": "com.ssafy.drcha.chat.entity.ChatMessage"
},
{
  "_id": {
    "$oid": "6703959ce410640b5e563cde"
  },
  "chatRoomId": "49",
  "senderId": "3",
  "content": "언제까지 갚을 건데",
  "createdAt": {
    "$date": "2024-10-07T08:02:36.756Z"
  },
  "messageType": "TALK",
  "_class": "com.ssafy.drcha.chat.entity.ChatMessage"
},
{
  "_id": {
    "$oid": "6703959fe410640b5e563cdf"
  },
  "chatRoomId": "49",
  "senderId": "12",
  "content": "밥 값이 없어서 식당을 못나가고 있어",
  "createdAt": {
    "$date": "2024-10-07T08:02:39.924Z"
  },
  "messageType": "TALK",
  "_class": "com.ssafy.drcha.chat.entity.ChatMessage"
},
{
  "_id": {
    "$oid": "670395a4e410640b5e563ce0"
  },
  "chatRoomId": "49",
  "senderId": "12",
  "content": "몰라 15일에 싸월급 들어온데",
  "createdAt": {
    "$date": "2024-10-07T08:02:44.046Z"
  },
  "messageType": "TALK",
  "_class": "com.ssafy.drcha.chat.entity.ChatMessage"
},
{
  "_id": {
    "$oid": "670395abe410640b5e563ce1"
  },
  "chatRoomId": "49",
  "senderId": "3",
  "content": "오키 다음달 15일까지 갚아",
  "createdAt": {
    "$date": "2024-10-07T08:02:51.420Z"
  },
  "messageType": "TALK",
  "_class": "com.ssafy.drcha.chat.entity.ChatMessage"
},
{
  "_id": {
    "$oid": "670395aee410640b5e563ce2"
  },
  "chatRoomId": "49",
  "senderId": "3",
  "content": "이자율 5퍼",
  "createdAt": {
    "$date": "2024-10-07T08:02:54.516Z"
  },
  "messageType": "TALK",
  "_class": "com.ssafy.drcha.chat.entity.ChatMessage"
},
{
  "_id": {
    "$oid": "670395aee410640b5e563ce3"
  },
  "chatRoomId": "49",
  "senderId": "12",
  "content": "굿 ㅋㅋ",
  "createdAt": {
    "$date": "2024-10-07T08:02:54.734Z"
  },
  "messageType": "TALK",
  "_class": "com.ssafy.drcha.chat.entity.ChatMessage"
},
{
  "_id": {
    "$oid": "670395b0e410640b5e563ce4"
  },
  "chatRoomId": "49",
  "senderId": "12",
  "content": "?",
  "createdAt": {
    "$date": "2024-10-07T08:02:56.249Z"
  },
  "messageType": "TALK",
  "_class": "com.ssafy.drcha.chat.entity.ChatMessage"
},
{
  "_id": {
    "$oid": "670395b1e410640b5e563ce5"
  },
  "chatRoomId": "49",
  "senderId": "3",
  "content": "ㅋㅋㅋㅋㅋㅋㅋㅋㅋㅋㅋㅋㅋ",
  "createdAt": {
    "$date": "2024-10-07T08:02:57.782Z"
  },
  "messageType": "TALK",
  "_class": "com.ssafy.drcha.chat.entity.ChatMessage"
},
{
  "_id": {
    "$oid": "670395b3e410640b5e563ce6"
  },
  "chatRoomId": "49",
  "senderId": "3",
  "content": "굿",
  "createdAt": {
    "$date": "2024-10-07T08:02:59.044Z"
  },
  "messageType": "TALK",
  "_class": "com.ssafy.drcha.chat.entity.ChatMessage"
},
{
  "_id": {
    "$oid": "670395b4e410640b5e563ce7"
  },
  "chatRoomId": "49",
  "senderId": "3",
  "content": "이라고 했다",
  "createdAt": {
    "$date": "2024-10-07T08:03:00.844Z"
  },
  "messageType": "TALK",
  "_class": "com.ssafy.drcha.chat.entity.ChatMessage"
},
{
  "_id": {
    "$oid": "670395bae410640b5e563ce8"
  },
  "chatRoomId": "49",
  "senderId": "12",
  "content": "굿좀 해야겟다",
  "createdAt": {
    "$date": "2024-10-07T08:03:06.353Z"
  },
  "messageType": "TALK",
  "_class": "com.ssafy.drcha.chat.entity.ChatMessage"
},
{
  "_id": {
    "$oid": "670395bce410640b5e563ce9"
  },
  "chatRoomId": "49",
  "senderId": "12",
  "content": "너 돈귀신 씌엿어",
  "createdAt": {
    "$date": "2024-10-07T08:03:08.666Z"
  },
  "messageType": "TALK",
  "_class": "com.ssafy.drcha.chat.entity.ChatMessage"
},
{
  "_id": {
    "$oid": "670395c8e410640b5e563cea"
  },
  "chatRoomId": "49",
  "senderId": "12",
  "content": "94290200521153 국민",
  "createdAt": {
    "$date": "2024-10-07T08:03:20.879Z"
  },
  "messageType": "TALK",
  "_class": "com.ssafy.drcha.chat.entity.ChatMessage"
},
{
  "_id": {
    "$oid": "670395cde410640b5e563ceb"
  },
  "chatRoomId": "49",
  "senderId": "12",
  "content": "ㄱㄱ",
  "createdAt": {
    "$date": "2024-10-07T08:03:25.460Z"
  },
  "messageType": "TALK",
  "_class": "com.ssafy.drcha.chat.entity.ChatMessage"
},
{
  "_id": {
    "$oid": "67039659e410640b5e563cec"
  },
  "chatRoomId": "49",
  "senderId": "3",
  "content": "싸피계좌로 거래하자",
  "createdAt": {
    "$date": "2024-10-07T08:05:45.924Z"
  },
  "messageType": "TALK",
  "_class": "com.ssafy.drcha.chat.entity.ChatMessage"
},
{
  "_id": {
    "$oid": "67039683e410640b5e563ced"
  },
  "chatRoomId": "49",
  "senderId": "0",
  "content": "차용증이 생성되었습니다. 상세 내용을 확인하세요.",
  "createdAt": {
    "$date": "2024-10-07T08:06:27.146Z"
  },
  "messageType": "IOU",
  "iouInfo": {
    "iouId": {
      "$numberLong": "33"
    },
    "creditorName": "박경림",
    "debtorName": "남동균",
    "iouAmount": {
      "$numberLong": "10000"
    },
    "contractStartDate": {
      "$date": "2024-10-07T08:06:27.056Z"
    },
    "contractEndDate": {
      "$date": "2024-10-15T00:00:00.000Z"
    },
    "interestRate": 5,
    "borrowerAgreement": false,
    "lenderAgreement": false,
    "totalAmount": {
      "$numberLong": "10500"
    }
  },
  "_class": "com.ssafy.drcha.chat.entity.ChatMessage"
},
{
  "_id": {
    "$oid": "67039e80edb29a398363e9e0"
  },
  "chatRoomId": "17",
  "senderId": "1",
  "content": "zzz",
  "createdAt": {
    "$date": "2024-10-07T08:40:32.127Z"
  },
  "messageType": "TALK",
  "_class": "com.ssafy.drcha.chat.entity.ChatMessage"
},
{
  "_id": {
    "$oid": "6704769475653061f98f1f65"
  },
  "chatRoomId": "49",
  "senderId": "3",
  "content": "우웩",
  "createdAt": {
    "$date": "2024-10-08T00:02:28.566Z"
  },
  "messageType": "TALK",
  "_class": "com.ssafy.drcha.chat.entity.ChatMessage"
},
{
  "_id": {
    "$oid": "6704769a75653061f98f1f66"
  },
  "chatRoomId": "40",
  "senderId": "3",
  "content": "우웩",
  "createdAt": {
    "$date": "2024-10-08T00:02:34.036Z"
  },
  "messageType": "TALK",
  "_class": "com.ssafy.drcha.chat.entity.ChatMessage"
},
{
  "_id": {
    "$oid": "67047ea775653061f98f1f67"
  },
  "chatRoomId": "43",
  "senderId": "2",
  "content": "snsnsns",
  "createdAt": {
    "$date": "2024-10-08T00:36:55.806Z"
  },
  "messageType": "TALK",
  "_class": "com.ssafy.drcha.chat.entity.ChatMessage"
},
{
  "_id": {
    "$oid": "6704add0c0bd647ce41c632c"
  },
  "chatRoomId": "57",
  "senderId": "3",
  "content": "야",
  "createdAt": {
    "$date": "2024-10-08T03:58:08.076Z"
  },
  "messageType": "TALK",
  "_class": "com.ssafy.drcha.chat.entity.ChatMessage"
},
{
  "_id": {
    "$oid": "6704adfac0bd647ce41c632d"
  },
  "chatRoomId": "57",
  "senderId": "2",
  "content": "안녕",
  "createdAt": {
    "$date": "2024-10-08T03:58:50.451Z"
  },
  "messageType": "TALK",
  "_class": "com.ssafy.drcha.chat.entity.ChatMessage"
},
{
  "_id": {
    "$oid": "6704adfec0bd647ce41c632e"
  },
  "chatRoomId": "57",
  "senderId": "3",
  "content": "야",
  "createdAt": {
    "$date": "2024-10-08T03:58:54.805Z"
  },
  "messageType": "TALK",
  "_class": "com.ssafy.drcha.chat.entity.ChatMessage"
},
{
  "_id": {
    "$oid": "6704ae03c0bd647ce41c632f"
  },
  "chatRoomId": "57",
  "senderId": "2",
  "content": "야는 반말이고",
  "createdAt": {
    "$date": "2024-10-08T03:58:59.818Z"
  },
  "messageType": "TALK",
  "_class": "com.ssafy.drcha.chat.entity.ChatMessage"
},
{
  "_id": {
    "$oid": "6704ae26c0bd647ce41c6330"
  },
  "chatRoomId": "57",
  "senderId": "2",
  "content": "경림아 돈 좀 빌려줘",
  "createdAt": {
    "$date": "2024-10-08T03:59:34.179Z"
  },
  "messageType": "TALK",
  "_class": "com.ssafy.drcha.chat.entity.ChatMessage"
},
{
  "_id": {
    "$oid": "6704ae28c0bd647ce41c6331"
  },
  "chatRoomId": "57",
  "senderId": "3",
  "content": "얼마",
  "createdAt": {
    "$date": "2024-10-08T03:59:36.741Z"
  },
  "messageType": "TALK",
  "_class": "com.ssafy.drcha.chat.entity.ChatMessage"
},
{
  "_id": {
    "$oid": "6704ae2cc0bd647ce41c6332"
  },
  "chatRoomId": "57",
  "senderId": "3",
  "content": "얼마면 돼",
  "createdAt": {
    "$date": "2024-10-08T03:59:40.692Z"
  },
  "messageType": "TALK",
  "_class": "com.ssafy.drcha.chat.entity.ChatMessage"
},
{
  "_id": {
    "$oid": "6704ae2ec0bd647ce41c6333"
  },
  "chatRoomId": "57",
  "senderId": "2",
  "content": "한 200백만원?",
  "createdAt": {
    "$date": "2024-10-08T03:59:42.695Z"
  },
  "messageType": "TALK",
  "_class": "com.ssafy.drcha.chat.entity.ChatMessage"
},
{
  "_id": {
    "$oid": "6704ae31c0bd647ce41c6334"
  },
  "chatRoomId": "57",
  "senderId": "3",
  "content": "얼마면 되냐고",
  "createdAt": {
    "$date": "2024-10-08T03:59:45.304Z"
  },
  "messageType": "TALK",
  "_class": "com.ssafy.drcha.chat.entity.ChatMessage"
},
{
  "_id": {
    "$oid": "6704ae3dc0bd647ce41c6335"
  },
  "chatRoomId": "57",
  "senderId": "2",
  "content": "2백만원?",
  "createdAt": {
    "$date": "2024-10-08T03:59:57.319Z"
  },
  "messageType": "TALK",
  "_class": "com.ssafy.drcha.chat.entity.ChatMessage"
},
{
  "_id": {
    "$oid": "6704ae4bc0bd647ce41c6336"
  },
  "chatRoomId": "57",
  "senderId": "3",
  "content": "2억? 2백?",
  "createdAt": {
    "$date": "2024-10-08T04:00:11.037Z"
  },
  "messageType": "TALK",
  "_class": "com.ssafy.drcha.chat.entity.ChatMessage"
},
{
  "_id": {
    "$oid": "6704ae4fc0bd647ce41c6337"
  },
  "chatRoomId": "57",
  "senderId": "2",
  "content": "ㅋㅋㅋㅋ쏘리",
  "createdAt": {
    "$date": "2024-10-08T04:00:15.170Z"
  },
  "messageType": "TALK",
  "_class": "com.ssafy.drcha.chat.entity.ChatMessage"
},
{
  "_id": {
    "$oid": "6704ae52c0bd647ce41c6338"
  },
  "chatRoomId": "57",
  "senderId": "2",
  "content": "2억",
  "createdAt": {
    "$date": "2024-10-08T04:00:18.129Z"
  },
  "messageType": "TALK",
  "_class": "com.ssafy.drcha.chat.entity.ChatMessage"
},
{
  "_id": {
    "$oid": "6704ae54c0bd647ce41c6339"
  },
  "chatRoomId": "57",
  "senderId": "3",
  "content": "ㅇㅋ",
  "createdAt": {
    "$date": "2024-10-08T04:00:20.676Z"
  },
  "messageType": "TALK",
  "_class": "com.ssafy.drcha.chat.entity.ChatMessage"
},
{
  "_id": {
    "$oid": "6704ae5ec0bd647ce41c633a"
  },
  "chatRoomId": "57",
  "senderId": "3",
  "content": "ㅇㅇ",
  "createdAt": {
    "$date": "2024-10-08T04:00:30.525Z"
  },
  "messageType": "TALK",
  "_class": "com.ssafy.drcha.chat.entity.ChatMessage"
},
{
  "_id": {
    "$oid": "6704ae67c0bd647ce41c633b"
  },
  "chatRoomId": "57",
  "senderId": "2",
  "content": "고마워 ㅎㅎ",
  "createdAt": {
    "$date": "2024-10-08T04:00:39.430Z"
  },
  "messageType": "TALK",
  "_class": "com.ssafy.drcha.chat.entity.ChatMessage"
},
{
  "_id": {
    "$oid": "6704ae6ac0bd647ce41c633c"
  },
  "chatRoomId": "57",
  "senderId": "3",
  "content": "언제까지",
  "createdAt": {
    "$date": "2024-10-08T04:00:42.599Z"
  },
  "messageType": "TALK",
  "_class": "com.ssafy.drcha.chat.entity.ChatMessage"
},
{
  "_id": {
    "$oid": "6704ae6ec0bd647ce41c633d"
  },
  "chatRoomId": "57",
  "senderId": "2",
  "content": "2달 뒤에 갚을게",
  "createdAt": {
    "$date": "2024-10-08T04:00:46.309Z"
  },
  "messageType": "TALK",
  "_class": "com.ssafy.drcha.chat.entity.ChatMessage"
},
{
  "_id": {
    "$oid": "6704ae70c0bd647ce41c633e"
  },
  "chatRoomId": "57",
  "senderId": "3",
  "content": "갚을 수 있엋?",
  "createdAt": {
    "$date": "2024-10-08T04:00:48.230Z"
  },
  "messageType": "TALK",
  "_class": "com.ssafy.drcha.chat.entity.ChatMessage"
},
{
  "_id": {
    "$oid": "6704ae72c0bd647ce41c633f"
  },
  "chatRoomId": "57",
  "senderId": "3",
  "content": "ㅇㅇ",
  "createdAt": {
    "$date": "2024-10-08T04:00:50.565Z"
  },
  "messageType": "TALK",
  "_class": "com.ssafy.drcha.chat.entity.ChatMessage"
},
{
  "_id": {
    "$oid": "6704ae75c0bd647ce41c6340"
  },
  "chatRoomId": "57",
  "senderId": "2",
  "content": "이자는 없이 해주라 ㅜㅜ",
  "createdAt": {
    "$date": "2024-10-08T04:00:53.279Z"
  },
  "messageType": "TALK",
  "_class": "com.ssafy.drcha.chat.entity.ChatMessage"
},
{
  "_id": {
    "$oid": "6704ae77c0bd647ce41c6341"
  },
  "chatRoomId": "57",
  "senderId": "3",
  "content": "이자율 5퍼",
  "createdAt": {
    "$date": "2024-10-08T04:00:55.905Z"
  },
  "messageType": "TALK",
  "_class": "com.ssafy.drcha.chat.entity.ChatMessage"
},
{
  "_id": {
    "$oid": "6704ae79c0bd647ce41c6342"
  },
  "chatRoomId": "57",
  "senderId": "2",
  "content": "플리즈~~~~~",
  "createdAt": {
    "$date": "2024-10-08T04:00:57.178Z"
  },
  "messageType": "TALK",
  "_class": "com.ssafy.drcha.chat.entity.ChatMessage"
},
{
  "_id": {
    "$oid": "6704ae7ac0bd647ce41c6343"
  },
  "chatRoomId": "57",
  "senderId": "3",
  "content": "..",
  "createdAt": {
    "$date": "2024-10-08T04:00:58.804Z"
  },
  "messageType": "TALK",
  "_class": "com.ssafy.drcha.chat.entity.ChatMessage"
},
{
  "_id": {
    "$oid": "6704ae7dc0bd647ce41c6344"
  },
  "chatRoomId": "57",
  "senderId": "3",
  "content": "친구니깐",
  "createdAt": {
    "$date": "2024-10-08T04:01:01.766Z"
  },
  "messageType": "TALK",
  "_class": "com.ssafy.drcha.chat.entity.ChatMessage"
},
{
  "_id": {
    "$oid": "6704ae81c0bd647ce41c6345"
  },
  "chatRoomId": "57",
  "senderId": "3",
  "content": "5퍼..",
  "createdAt": {
    "$date": "2024-10-08T04:01:05.235Z"
  },
  "messageType": "TALK",
  "_class": "com.ssafy.drcha.chat.entity.ChatMessage"
},
{
  "_id": {
    "$oid": "6704ae89c0bd647ce41c6346"
  },
  "chatRoomId": "57",
  "senderId": "2",
  "content": "알겠어 이자 5퍼 ㅜㅜ",
  "createdAt": {
    "$date": "2024-10-08T04:01:13.739Z"
  },
  "messageType": "TALK",
  "_class": "com.ssafy.drcha.chat.entity.ChatMessage"
},
{
  "_id": {
    "$oid": "6704ae8bc0bd647ce41c6347"
  },
  "chatRoomId": "57",
  "senderId": "3",
  "content": "콜?",
  "createdAt": {
    "$date": "2024-10-08T04:01:15.791Z"
  },
  "messageType": "TALK",
  "_class": "com.ssafy.drcha.chat.entity.ChatMessage"
},
{
  "_id": {
    "$oid": "6704ae93c0bd647ce41c6348"
  },
  "chatRoomId": "57",
  "senderId": "2",
  "content": "오케이 빌려줘",
  "createdAt": {
    "$date": "2024-10-08T04:01:23.669Z"
  },
  "messageType": "TALK",
  "_class": "com.ssafy.drcha.chat.entity.ChatMessage"
},
{
  "_id": {
    "$oid": "6704ae96c0bd647ce41c6349"
  },
  "chatRoomId": "57",
  "senderId": "3",
  "content": "그래 차용증 쓰자",
  "createdAt": {
    "$date": "2024-10-08T04:01:26.555Z"
  },
  "messageType": "TALK",
  "_class": "com.ssafy.drcha.chat.entity.ChatMessage"
},
{
  "_id": {
    "$oid": "6704aeb8c0bd647ce41c634a"
  },
  "chatRoomId": "57",
  "senderId": "0",
  "content": "차용증이 생성되었습니다. 상세 내용을 확인하세요.",
  "createdAt": {
    "$date": "2024-10-08T04:02:00.375Z"
  },
  "messageType": "IOU",
  "iouInfo": {
    "iouId": {
      "$numberLong": "35"
    },
    "creditorName": "박경림",
    "debtorName": "강민서",
    "iouAmount": {
      "$numberLong": "200000000"
    },
    "contractStartDate": {
      "$date": "2024-10-08T04:02:00.044Z"
    },
    "contractEndDate": {
      "$date": "2024-12-08T00:00:00.000Z"
    },
    "interestRate": 5,
    "borrowerAgreement": false,
    "lenderAgreement": false,
    "totalAmount": {
      "$numberLong": "210000000"
    }
  },
  "_class": "com.ssafy.drcha.chat.entity.ChatMessage"
},
{
  "_id": {
    "$oid": "6704aed9c0bd647ce41c634b"
  },
  "chatRoomId": "57",
  "senderId": "0",
  "content": "차용증이 생성되었습니다. 상세 내용을 확인하세요.",
  "createdAt": {
    "$date": "2024-10-08T04:02:33.569Z"
  },
  "messageType": "IOU",
  "iouInfo": {
    "iouId": {
      "$numberLong": "36"
    },
    "creditorName": "박경림",
    "debtorName": "강민서",
    "iouAmount": {
      "$numberLong": "200000000"
    },
    "contractStartDate": {
      "$date": "2024-10-08T04:02:33.456Z"
    },
    "contractEndDate": {
      "$date": "2024-12-08T00:00:00.000Z"
    },
    "interestRate": 5,
    "borrowerAgreement": false,
    "lenderAgreement": false,
    "totalAmount": {
      "$numberLong": "210000000"
    }
  },
  "_class": "com.ssafy.drcha.chat.entity.ChatMessage"
},
{
  "_id": {
    "$oid": "6704b8fc21cd855fd7538536"
  },
  "chatRoomId": "57",
  "senderId": "0",
  "content": "차용증이 생성되었습니다. 상세 내용을 확인하세요.",
  "createdAt": {
    "$date": "2024-10-08T04:45:48.325Z"
  },
  "messageType": "IOU",
  "iouInfo": {
    "iouId": {
      "$numberLong": "35"
    },
    "creditorName": "박경림",
    "debtorName": "강민서",
    "iouAmount": {
      "$numberLong": "200000000"
    },
    "contractStartDate": {
      "$date": "2024-10-08T04:02:00.044Z"
    },
    "contractEndDate": {
      "$date": "2024-12-07T15:00:00.000Z"
    },
    "interestRate": 5,
    "borrowerAgreement": false,
    "lenderAgreement": false,
    "totalAmount": {
      "$numberLong": "210000000"
    }
  },
  "_class": "com.ssafy.drcha.chat.entity.ChatMessage"
},
{
  "_id": {
    "$oid": "6704c596c0bd647ce41c634c"
  },
  "chatRoomId": "60",
  "senderId": "8",
  "content": "헤이",
  "createdAt": {
    "$date": "2024-10-08T05:39:34.908Z"
  },
  "messageType": "TALK",
  "_class": "com.ssafy.drcha.chat.entity.ChatMessage"
},
{
  "_id": {
    "$oid": "6704c9e8fbd87d738d0bc6d1"
  },
  "chatRoomId": "57",
  "senderId": "0",
  "content": "차용증이 생성되었습니다. 상세 내용을 확인하세요.",
  "createdAt": {
    "$date": "2024-10-08T05:58:00.488Z"
  },
  "messageType": "IOU",
  "iouInfo": {
    "iouId": {
      "$numberLong": "35"
    },
    "creditorName": "박경림",
    "debtorName": "강민서",
    "iouAmount": {
      "$numberLong": "200000000"
    },
    "contractStartDate": {
      "$date": "2024-10-08T04:02:00.044Z"
    },
    "contractEndDate": {
      "$date": "2024-12-07T15:00:00.000Z"
    },
    "interestRate": 5,
    "borrowerAgreement": false,
    "lenderAgreement": false,
    "totalAmount": {
      "$numberLong": "210000000"
    }
  },
  "_class": "com.ssafy.drcha.chat.entity.ChatMessage"
},
{
  "_id": {
    "$oid": "6704ca6bdae60545341c0ce5"
  },
  "chatRoomId": "57",
  "senderId": "0",
  "content": "차용증이 생성되었습니다. 상세 내용을 확인하세요.",
  "createdAt": {
    "$date": "2024-10-08T06:00:11.551Z"
  },
  "messageType": "IOU",
  "iouInfo": {
    "iouId": {
      "$numberLong": "35"
    },
    "creditorName": "박경림",
    "debtorName": "강민서",
    "iouAmount": {
      "$numberLong": "200000000"
    },
    "contractStartDate": {
      "$date": "2024-10-08T04:02:00.044Z"
    },
    "contractEndDate": {
      "$date": "2024-12-08T05:30:00.000Z"
    },
    "interestRate": 5,
    "borrowerAgreement": false,
    "lenderAgreement": false,
    "totalAmount": {
      "$numberLong": "210000000"
    }
  },
  "_class": "com.ssafy.drcha.chat.entity.ChatMessage"
},
{
  "_id": {
    "$oid": "6704d019383d892b1d406316"
  },
  "chatRoomId": "61",
  "senderId": "3",
  "content": "오천원만",
  "createdAt": {
    "$date": "2024-10-08T06:24:25.722Z"
  },
  "messageType": "TALK",
  "_class": "com.ssafy.drcha.chat.entity.ChatMessage"
},
{
  "_id": {
    "$oid": "6704d01e383d892b1d406317"
  },
  "chatRoomId": "61",
  "senderId": "3",
  "content": "내일까지 갚을게",
  "createdAt": {
    "$date": "2024-10-08T06:24:30.641Z"
  },
  "messageType": "TALK",
  "_class": "com.ssafy.drcha.chat.entity.ChatMessage"
},
{
  "_id": {
    "$oid": "6704d0c7383d892b1d406318"
  },
  "chatRoomId": "61",
  "senderId": "3",
  "content": "오천원만 빌려줘",
  "createdAt": {
    "$date": "2024-10-08T06:27:19.731Z"
  },
  "messageType": "TALK",
  "_class": "com.ssafy.drcha.chat.entity.ChatMessage"
},
{
  "_id": {
    "$oid": "6704d0d5383d892b1d406319"
  },
  "chatRoomId": "61",
  "senderId": "0",
  "content": "차용증이 생성되었습니다. 상세 내용을 확인하세요.",
  "createdAt": {
    "$date": "2024-10-08T06:27:33.445Z"
  },
  "messageType": "IOU",
  "iouInfo": {
    "iouId": {
      "$numberLong": "38"
    },
    "creditorName": "지종권",
    "debtorName": "박경림",
    "iouAmount": {
      "$numberLong": "5000"
    },
    "contractStartDate": {
      "$date": "2024-10-08T06:27:33.315Z"
    },
    "contractEndDate": {
      "$date": "2024-10-09T00:00:00.000Z"
    },
    "interestRate": 0,
    "borrowerAgreement": false,
    "lenderAgreement": false,
    "totalAmount": {
      "$numberLong": "5000"
    }
  },
  "_class": "com.ssafy.drcha.chat.entity.ChatMessage"
},
{
  "_id": {
    "$oid": "6704d0d6383d892b1d40631a"
  },
  "chatRoomId": "61",
  "senderId": "11",
  "content": "안녕하세요",
  "createdAt": {
    "$date": "2024-10-08T06:27:34.709Z"
  },
  "messageType": "TALK",
  "_class": "com.ssafy.drcha.chat.entity.ChatMessage"
},
{
  "_id": {
    "$oid": "6704d165383d892b1d40631b"
  },
  "chatRoomId": "62",
  "senderId": "11",
  "content": "내일까지 5만원 갚을게",
  "createdAt": {
    "$date": "2024-10-08T06:29:57.264Z"
  },
  "messageType": "TALK",
  "_class": "com.ssafy.drcha.chat.entity.ChatMessage"
},
{
  "_id": {
    "$oid": "6704d170383d892b1d40631c"
  },
  "chatRoomId": "62",
  "senderId": "0",
  "content": "차용증이 생성되었습니다. 상세 내용을 확인하세요.",
  "createdAt": {
    "$date": "2024-10-08T06:30:08.830Z"
  },
  "messageType": "IOU",
  "iouInfo": {
    "iouId": {
      "$numberLong": "39"
    },
    "creditorName": "박경림",
    "debtorName": "지종권",
    "iouAmount": {
      "$numberLong": "50000"
    },
    "contractStartDate": {
      "$date": "2024-10-08T06:30:08.736Z"
    },
    "contractEndDate": {
      "$date": "2024-10-08T00:00:00.000Z"
    },
    "interestRate": 0,
    "borrowerAgreement": false,
    "lenderAgreement": false,
    "totalAmount": {
      "$numberLong": "50000"
    }
  },
  "_class": "com.ssafy.drcha.chat.entity.ChatMessage"
},
{
  "_id": {
    "$oid": "6704e52a8848062c7be6c66a"
  },
  "chatRoomId": "45",
  "senderId": "3",
  "content": "오빠 나 만원만",
  "createdAt": {
    "$date": "2024-10-08T07:54:18.719Z"
  },
  "messageType": "TALK",
  "_class": "com.ssafy.drcha.chat.entity.ChatMessage"
},
{
  "_id": {
    "$oid": "6704e52c8848062c7be6c66b"
  },
  "chatRoomId": "45",
  "senderId": "3",
  "content": "빌려줘",
  "createdAt": {
    "$date": "2024-10-08T07:54:20.843Z"
  },
  "messageType": "TALK",
  "_class": "com.ssafy.drcha.chat.entity.ChatMessage"
},
{
  "_id": {
    "$oid": "6704e52f8848062c7be6c66c"
  },
  "chatRoomId": "45",
  "senderId": "3",
  "content": "내일까지 갚을게",
  "createdAt": {
    "$date": "2024-10-08T07:54:23.656Z"
  },
  "messageType": "TALK",
  "_class": "com.ssafy.drcha.chat.entity.ChatMessage"
},
{
  "_id": {
    "$oid": "6704e5388848062c7be6c66d"
  },
  "chatRoomId": "45",
  "senderId": "0",
  "content": "차용증이 생성되었습니다. 상세 내용을 확인하세요.",
  "createdAt": {
    "$date": "2024-10-08T07:54:32.572Z"
  },
  "messageType": "IOU",
  "iouInfo": {
    "iouId": {
      "$numberLong": "40"
    },
    "creditorName": "김선웅",
    "debtorName": "박경림",
    "iouAmount": {
      "$numberLong": "50000"
    },
    "contractStartDate": {
      "$date": "2024-10-08T07:54:32.402Z"
    },
    "contractEndDate": {
      "$date": "2024-10-18T00:00:00.000Z"
    },
    "interestRate": 0,
    "borrowerAgreement": false,
    "lenderAgreement": false,
    "totalAmount": {
      "$numberLong": "50000"
    }
  },
  "_class": "com.ssafy.drcha.chat.entity.ChatMessage"
},
{
  "_id": {
    "$oid": "6704e6cb8848062c7be6c66e"
  },
  "chatRoomId": "17",
  "senderId": "0",
  "content": "차용증이 생성되었습니다. 상세 내용을 확인하세요.",
  "createdAt": {
    "$date": "2024-10-08T08:01:15.922Z"
  },
  "messageType": "IOU",
  "iouInfo": {
    "iouId": {
      "$numberLong": "41"
    },
    "creditorName": "이지원",
    "debtorName": "김선웅",
    "iouAmount": {
      "$numberLong": "0"
    },
    "contractStartDate": {
      "$date": "2024-10-08T08:01:15.831Z"
    },
    "contractEndDate": {
      "$date": "2024-10-08T08:01:15.815Z"
    },
    "interestRate": 0,
    "borrowerAgreement": true,
    "lenderAgreement": true,
    "totalAmount": {
      "$numberLong": "0"
    }
  },
  "_class": "com.ssafy.drcha.chat.entity.ChatMessage"
},
{
  "_id": {
    "$oid": "6704f2dbb748062aee936b7d"
  },
  "chatRoomId": "1",
  "senderId": "0",
  "content": "차용증이 생성되었습니다. 상세 내용을 확인하세요.",
  "createdAt": {
    "$date": "2024-10-08T08:52:43.899Z"
  },
  "messageType": "IOU",
  "iouInfo": {
    "iouId": {
      "$numberLong": "48"
    },
    "creditorName": "김선웅",
    "debtorName": "강민서",
    "iouAmount": {
      "$numberLong": "4000000"
    },
    "contractStartDate": {
      "$date": "2024-10-08T08:52:43.659Z"
    },
    "contractEndDate": {
      "$date": "2025-04-07T00:00:00.000Z"
    },
    "interestRate": 2,
    "borrowerAgreement": false,
    "lenderAgreement": false,
    "totalAmount": {
      "$numberLong": "4080000"
    }
  },
  "_class": "com.ssafy.drcha.chat.entity.ChatMessage"
},
{
  "_id": {
    "$oid": "6706189cb748062aee936b7e"
  },
  "chatRoomId": "27",
  "senderId": "2",
  "content": "어더더어어",
  "createdAt": {
    "$date": "2024-10-09T05:46:04.585Z"
  },
  "messageType": "TALK",
  "_class": "com.ssafy.drcha.chat.entity.ChatMessage"
},
{
  "_id": {
    "$oid": "6706189eb748062aee936b7f"
  },
  "chatRoomId": "27",
  "senderId": "2",
  "content": "너주주주ㅜㅌㅌ",
  "createdAt": {
    "$date": "2024-10-09T05:46:06.884Z"
  },
  "messageType": "TALK",
  "_class": "com.ssafy.drcha.chat.entity.ChatMessage"
},
{
  "_id": {
    "$oid": "67061ae460820e4c0392fb77"
  },
  "chatRoomId": "27",
  "senderId": "4",
  "content": "ㅋㅋㅋ",
  "createdAt": {
    "$date": "2024-10-09T05:55:48.167Z"
  },
  "messageType": "TALK",
  "_class": "com.ssafy.drcha.chat.entity.ChatMessage"
},
{
  "_id": {
    "$oid": "67061ae660820e4c0392fb78"
  },
  "chatRoomId": "27",
  "senderId": "4",
  "content": "ㅎㅇ",
  "createdAt": {
    "$date": "2024-10-09T05:55:50.284Z"
  },
  "messageType": "TALK",
  "_class": "com.ssafy.drcha.chat.entity.ChatMessage"
},
{
  "_id": {
    "$oid": "67061aeeb748062aee936b80"
  },
  "chatRoomId": "27",
  "senderId": "2",
  "content": "너너웅",
  "createdAt": {
    "$date": "2024-10-09T05:55:58.712Z"
  },
  "messageType": "TALK",
  "_class": "com.ssafy.drcha.chat.entity.ChatMessage"
},
{
  "_id": {
    "$oid": "67061af0b748062aee936b81"
  },
  "chatRoomId": "27",
  "senderId": "2",
  "content": "더두둗",
  "createdAt": {
    "$date": "2024-10-09T05:56:00.723Z"
  },
  "messageType": "TALK",
  "_class": "com.ssafy.drcha.chat.entity.ChatMessage"
},
{
  "_id": {
    "$oid": "67061afab748062aee936b82"
  },
  "chatRoomId": "27",
  "senderId": "2",
  "content": "두두둬넌",
  "createdAt": {
    "$date": "2024-10-09T05:56:10.332Z"
  },
  "messageType": "TALK",
  "_class": "com.ssafy.drcha.chat.entity.ChatMessage"
},
{
  "_id": {
    "$oid": "67061b0260820e4c0392fb79"
  },
  "chatRoomId": "27",
  "senderId": "4",
  "content": "흠",
  "createdAt": {
    "$date": "2024-10-09T05:56:18.622Z"
  },
  "messageType": "TALK",
  "_class": "com.ssafy.drcha.chat.entity.ChatMessage"
},
{
  "_id": {
    "$oid": "67061b04b748062aee936b83"
  },
  "chatRoomId": "27",
  "senderId": "2",
  "content": "저주눈",
  "createdAt": {
    "$date": "2024-10-09T05:56:20.994Z"
  },
  "messageType": "TALK",
  "_class": "com.ssafy.drcha.chat.entity.ChatMessage"
},
{
  "_id": {
    "$oid": "67061b08b748062aee936b84"
  },
  "chatRoomId": "27",
  "senderId": "2",
  "content": "주저젖",
  "createdAt": {
    "$date": "2024-10-09T05:56:24.044Z"
  },
  "messageType": "TALK",
  "_class": "com.ssafy.drcha.chat.entity.ChatMessage"
},
{
  "_id": {
    "$oid": "6706373f1d0f182a60788385"
  },
  "chatRoomId": "49",
  "senderId": "3",
  "content": "남동균 바보",
  "createdAt": {
    "$date": "2024-10-09T07:56:47.704Z"
  },
  "messageType": "TALK",
  "_class": "com.ssafy.drcha.chat.entity.ChatMessage"
},
{
  "_id": {
    "$oid": "670639c51d0f182a60788386"
  },
  "chatRoomId": "40",
  "senderId": "3",
  "content": "안녕",
  "createdAt": {
    "$date": "2024-10-09T08:07:33.882Z"
  },
  "messageType": "TALK",
  "_class": "com.ssafy.drcha.chat.entity.ChatMessage"
},
{
  "_id": {
    "$oid": "670639c71d0f182a60788387"
  },
  "chatRoomId": "40",
  "senderId": "3",
  "content": "민서야",
  "createdAt": {
    "$date": "2024-10-09T08:07:35.383Z"
  },
  "messageType": "TALK",
  "_class": "com.ssafy.drcha.chat.entity.ChatMessage"
},
{
  "_id": {
    "$oid": "670639c91d0f182a60788388"
  },
  "chatRoomId": "40",
  "senderId": "3",
  "content": "얼마 필요해?",
  "createdAt": {
    "$date": "2024-10-09T08:07:37.570Z"
  },
  "messageType": "TALK",
  "_class": "com.ssafy.drcha.chat.entity.ChatMessage"
},
{
  "_id": {
    "$oid": "67063eb3290bdd707a05837e"
  },
  "chatRoomId": "40",
  "senderId": "2",
  "content": "만원만",
  "createdAt": {
    "$date": "2024-10-09T08:28:35.349Z"
  },
  "messageType": "TALK",
  "_class": "com.ssafy.drcha.chat.entity.ChatMessage"
},
{
  "_id": {
    "$oid": "67063eb6290bdd707a05837f"
  },
  "chatRoomId": "40",
  "senderId": "3",
  "content": "우웩",
  "createdAt": {
    "$date": "2024-10-09T08:28:38.874Z"
  },
  "messageType": "TALK",
  "_class": "com.ssafy.drcha.chat.entity.ChatMessage"
},
{
  "_id": {
    "$oid": "67065be5290bdd707a058380"
  },
  "chatRoomId": "40",
  "senderId": "3",
  "content": "길이가 긴 문장 테스트 길이가 긴 문장 테스트 길이가 긴 문장 테스트 ",
  "createdAt": {
    "$date": "2024-10-09T10:33:09.447Z"
  },
  "messageType": "TALK",
  "_class": "com.ssafy.drcha.chat.entity.ChatMessage"
},
{
  "_id": {
    "$oid": "67067ebb4f08c074c351ed80"
  },
  "chatRoomId": "100",
  "senderId": "4",
  "content": "ㅎㅇ",
  "createdAt": {
    "$date": "2024-10-09T13:01:47.772Z"
  },
  "messageType": "TALK",
  "_class": "com.ssafy.drcha.chat.entity.ChatMessage"
},
{
  "_id": {
    "$oid": "67067ebe4f08c074c351ed81"
  },
  "chatRoomId": "100",
  "senderId": "4",
  "content": "ㅎㅇ",
  "createdAt": {
    "$date": "2024-10-09T13:01:50.229Z"
  },
  "messageType": "TALK",
  "_class": "com.ssafy.drcha.chat.entity.ChatMessage"
},
{
  "_id": {
    "$oid": "67067ebe4f08c074c351ed82"
  },
  "chatRoomId": "100",
  "senderId": "4",
  "content": "ㅎㅇ",
  "createdAt": {
    "$date": "2024-10-09T13:01:50.623Z"
  },
  "messageType": "TALK",
  "_class": "com.ssafy.drcha.chat.entity.ChatMessage"
},
{
  "_id": {
    "$oid": "67067ebf4f08c074c351ed83"
  },
  "chatRoomId": "100",
  "senderId": "4",
  "content": "ㅎㅇ",
  "createdAt": {
    "$date": "2024-10-09T13:01:51.168Z"
  },
  "messageType": "TALK",
  "_class": "com.ssafy.drcha.chat.entity.ChatMessage"
},
{
  "_id": {
    "$oid": "67067ec04f08c074c351ed84"
  },
  "chatRoomId": "100",
  "senderId": "4",
  "content": "ㅋㅋ",
  "createdAt": {
    "$date": "2024-10-09T13:01:52.594Z"
  },
  "messageType": "TALK",
  "_class": "com.ssafy.drcha.chat.entity.ChatMessage"
},
{
  "_id": {
    "$oid": "67067ec14f08c074c351ed85"
  },
  "chatRoomId": "100",
  "senderId": "11",
  "content": "홀리",
  "createdAt": {
    "$date": "2024-10-09T13:01:53.234Z"
  },
  "messageType": "TALK",
  "_class": "com.ssafy.drcha.chat.entity.ChatMessage"
},
{
  "_id": {
    "$oid": "67067ec14f08c074c351ed86"
  },
  "chatRoomId": "100",
  "senderId": "4",
  "content": "됐따",
  "createdAt": {
    "$date": "2024-10-09T13:01:53.954Z"
  },
  "messageType": "TALK",
  "_class": "com.ssafy.drcha.chat.entity.ChatMessage"
},
{
  "_id": {
    "$oid": "67067ec44f08c074c351ed87"
  },
  "chatRoomId": "100",
  "senderId": "4",
  "content": "집 가자",
  "createdAt": {
    "$date": "2024-10-09T13:01:56.145Z"
  },
  "messageType": "TALK",
  "_class": "com.ssafy.drcha.chat.entity.ChatMessage"
},
{
  "_id": {
    "$oid": "67071be341f3fd1824d90d06"
  },
  "chatRoomId": "27",
  "senderId": "2",
  "content": "asdasdasd",
  "createdAt": {
    "$date": "2024-10-10T00:12:19.386Z"
  },
  "messageType": "TALK",
  "_class": "com.ssafy.drcha.chat.entity.ChatMessage"
},
{
  "_id": {
    "$oid": "67071be641f3fd1824d90d07"
  },
  "chatRoomId": "27",
  "senderId": "2",
  "content": "asdasd",
  "createdAt": {
    "$date": "2024-10-10T00:12:22.438Z"
  },
  "messageType": "TALK",
  "_class": "com.ssafy.drcha.chat.entity.ChatMessage"
},
{
  "_id": {
    "$oid": "67074adf41f3fd1824d90d08"
  },
  "chatRoomId": "100",
  "senderId": "11",
  "content": "내일까지 100만원만",
  "createdAt": {
    "$date": "2024-10-10T03:32:47.521Z"
  },
  "messageType": "TALK",
  "_class": "com.ssafy.drcha.chat.entity.ChatMessage"
},
{
  "_id": {
    "$oid": "67074ae441f3fd1824d90d09"
  },
  "chatRoomId": "100",
  "senderId": "0",
  "content": "차용증이 생성되었습니다. 상세 내용을 확인하세요.",
  "createdAt": {
    "$date": "2024-10-10T03:32:52.334Z"
  },
  "messageType": "IOU",
  "iouInfo": {
    "iouId": {
      "$numberLong": "50"
    },
    "creditorName": "지종권",
    "debtorName": "이지원",
    "iouAmount": {
      "$numberLong": "1000000"
    },
    "contractStartDate": {
      "$date": "2024-10-10T03:32:52.165Z"
    },
    "contractEndDate": {
      "$date": "2024-10-11T00:00:00.000Z"
    },
    "interestRate": 0,
    "borrowerAgreement": false,
    "lenderAgreement": false,
    "totalAmount": {
      "$numberLong": "1000000"
    },
    "creditorPhoneNumber": "01037203451",
    "debtorPhoneNumber": "010-1313-1313",
    "contractStatus": "DRAFTING"
  },
  "_class": "com.ssafy.drcha.chat.entity.ChatMessage"
},
{
  "_id": {
    "$oid": "67074ca841f3fd1824d90d0a"
  },
  "chatRoomId": "40",
  "senderId": "3",
  "content": "안녕",
  "createdAt": {
    "$date": "2024-10-10T03:40:24.958Z"
  },
  "messageType": "TALK",
  "_class": "com.ssafy.drcha.chat.entity.ChatMessage"
},
{
  "_id": {
    "$oid": "67074caa41f3fd1824d90d0b"
  },
  "chatRoomId": "40",
  "senderId": "3",
  "content": "민서야",
  "createdAt": {
    "$date": "2024-10-10T03:40:26.606Z"
  },
  "messageType": "TALK",
  "_class": "com.ssafy.drcha.chat.entity.ChatMessage"
},
{
  "_id": {
    "$oid": "67074cb041f3fd1824d90d0c"
  },
  "chatRoomId": "40",
  "senderId": "2",
  "content": "경림아 안녕",
  "createdAt": {
    "$date": "2024-10-10T03:40:32.035Z"
  },
  "messageType": "TALK",
  "_class": "com.ssafy.drcha.chat.entity.ChatMessage"
},
{
  "_id": {
    "$oid": "67074cfa41f3fd1824d90d0d"
  },
  "chatRoomId": "40",
  "senderId": "3",
  "content": "잘 지냈어?",
  "createdAt": {
    "$date": "2024-10-10T03:41:46.374Z"
  },
  "messageType": "TALK",
  "_class": "com.ssafy.drcha.chat.entity.ChatMessage"
},
{
  "_id": {
    "$oid": "67074cfd41f3fd1824d90d0e"
  },
  "chatRoomId": "40",
  "senderId": "3",
  "content": "무슨 일 있니?",
  "createdAt": {
    "$date": "2024-10-10T03:41:49.126Z"
  },
  "messageType": "TALK",
  "_class": "com.ssafy.drcha.chat.entity.ChatMessage"
},
{
  "_id": {
    "$oid": "67074d25e0b86b2a9281eaa6"
  },
  "chatRoomId": "104",
  "senderId": "4",
  "content": "ㅂㅈㅇㅂㅇ",
  "createdAt": {
    "$date": "2024-10-10T03:42:29.884Z"
  },
  "messageType": "TALK",
  "_class": "com.ssafy.drcha.chat.entity.ChatMessage"
},
{
  "_id": {
    "$oid": "67074d26e0b86b2a9281eaa7"
  },
  "chatRoomId": "104",
  "senderId": "4",
  "content": "ㅂㅈㅇ",
  "createdAt": {
    "$date": "2024-10-10T03:42:30.397Z"
  },
  "messageType": "TALK",
  "_class": "com.ssafy.drcha.chat.entity.ChatMessage"
},
{
  "_id": {
    "$oid": "67074d26e0b86b2a9281eaa8"
  },
  "chatRoomId": "104",
  "senderId": "4",
  "content": "ㅂㅇㅂ",
  "createdAt": {
    "$date": "2024-10-10T03:42:30.667Z"
  },
  "messageType": "TALK",
  "_class": "com.ssafy.drcha.chat.entity.ChatMessage"
},
{
  "_id": {
    "$oid": "67074d27e0b86b2a9281eaa9"
  },
  "chatRoomId": "104",
  "senderId": "4",
  "content": "ㅈㅇㅂㅈㅇ",
  "createdAt": {
    "$date": "2024-10-10T03:42:31.026Z"
  },
  "messageType": "TALK",
  "_class": "com.ssafy.drcha.chat.entity.ChatMessage"
},
{
  "_id": {
    "$oid": "67074d7841f3fd1824d90d0f"
  },
  "chatRoomId": "40",
  "senderId": "2",
  "content": "나 돈 좀 빌려줘 ㅜㅜ",
  "createdAt": {
    "$date": "2024-10-10T03:43:52.781Z"
  },
  "messageType": "TALK",
  "_class": "com.ssafy.drcha.chat.entity.ChatMessage"
},
{
  "_id": {
    "$oid": "67074fd841f3fd1824d90d10"
  },
  "chatRoomId": "40",
  "senderId": "3",
  "content": "헉 ",
  "createdAt": {
    "$date": "2024-10-10T03:54:00.821Z"
  },
  "messageType": "TALK",
  "_class": "com.ssafy.drcha.chat.entity.ChatMessage"
},
{
  "_id": {
    "$oid": "67074fda41f3fd1824d90d11"
  },
  "chatRoomId": "40",
  "senderId": "3",
  "content": "얼마?",
  "createdAt": {
    "$date": "2024-10-10T03:54:02.496Z"
  },
  "messageType": "TALK",
  "_class": "com.ssafy.drcha.chat.entity.ChatMessage"
},
{
  "_id": {
    "$oid": "67074fdc41f3fd1824d90d12"
  },
  "chatRoomId": "40",
  "senderId": "3",
  "content": "그래그래",
  "createdAt": {
    "$date": "2024-10-10T03:54:04.611Z"
  },
  "messageType": "TALK",
  "_class": "com.ssafy.drcha.chat.entity.ChatMessage"
},
{
  "_id": {
    "$oid": "67074fe341f3fd1824d90d13"
  },
  "chatRoomId": "40",
  "senderId": "3",
  "content": "대신 차용증 쓰는 건 알지...?",
  "createdAt": {
    "$date": "2024-10-10T03:54:11.583Z"
  },
  "messageType": "TALK",
  "_class": "com.ssafy.drcha.chat.entity.ChatMessage"
},
{
  "_id": {
    "$oid": "670755e4ca7b1715b650b70f"
  },
  "chatRoomId": "107",
  "senderId": "3",
  "content": "ㅗ",
  "createdAt": {
    "$date": "2024-10-10T04:19:48.823Z"
  },
  "messageType": "TALK",
  "_class": "com.ssafy.drcha.chat.entity.ChatMessage"
},
{
  "_id": {
    "$oid": "670755fcca7b1715b650b710"
  },
  "chatRoomId": "104",
  "senderId": "4",
  "content": "123123",
  "createdAt": {
    "$date": "2024-10-10T04:20:12.829Z"
  },
  "messageType": "TALK",
  "_class": "com.ssafy.drcha.chat.entity.ChatMessage"
},
{
  "_id": {
    "$oid": "67075733ca7b1715b650b711"
  },
  "chatRoomId": "108",
  "senderId": "4",
  "content": "ㅎㅎ",
  "createdAt": {
    "$date": "2024-10-10T04:25:23.518Z"
  },
  "messageType": "TALK",
  "_class": "com.ssafy.drcha.chat.entity.ChatMessage"
},
{
  "_id": {
    "$oid": "67075734ca7b1715b650b712"
  },
  "chatRoomId": "108",
  "senderId": "4",
  "content": "ㅎㅇ",
  "createdAt": {
    "$date": "2024-10-10T04:25:24.060Z"
  },
  "messageType": "TALK",
  "_class": "com.ssafy.drcha.chat.entity.ChatMessage"
},
{
  "_id": {
    "$oid": "67075737ca7b1715b650b713"
  },
  "chatRoomId": "108",
  "senderId": "2",
  "content": "ㅋㅋ",
  "createdAt": {
    "$date": "2024-10-10T04:25:27.361Z"
  },
  "messageType": "TALK",
  "_class": "com.ssafy.drcha.chat.entity.ChatMessage"
},
{
  "_id": {
    "$oid": "67075739ca7b1715b650b714"
  },
  "chatRoomId": "108",
  "senderId": "4",
  "content": "야",
  "createdAt": {
    "$date": "2024-10-10T04:25:29.022Z"
  },
  "messageType": "TALK",
  "_class": "com.ssafy.drcha.chat.entity.ChatMessage"
},
{
  "_id": {
    "$oid": "6707573bca7b1715b650b715"
  },
  "chatRoomId": "108",
  "senderId": "4",
  "content": "돈빌려줄게",
  "createdAt": {
    "$date": "2024-10-10T04:25:31.393Z"
  },
  "messageType": "TALK",
  "_class": "com.ssafy.drcha.chat.entity.ChatMessage"
},
{
  "_id": {
    "$oid": "6707573dca7b1715b650b716"
  },
  "chatRoomId": "108",
  "senderId": "4",
  "content": "얼마필요해",
  "createdAt": {
    "$date": "2024-10-10T04:25:33.569Z"
  },
  "messageType": "TALK",
  "_class": "com.ssafy.drcha.chat.entity.ChatMessage"
},
{
  "_id": {
    "$oid": "6707573dca7b1715b650b717"
  },
  "chatRoomId": "108",
  "senderId": "2",
  "content": "ㅗ",
  "createdAt": {
    "$date": "2024-10-10T04:25:33.845Z"
  },
  "messageType": "TALK",
  "_class": "com.ssafy.drcha.chat.entity.ChatMessage"
},
{
  "_id": {
    "$oid": "67075742ca7b1715b650b718"
  },
  "chatRoomId": "108",
  "senderId": "2",
  "content": "5000원만",
  "createdAt": {
    "$date": "2024-10-10T04:25:38.403Z"
  },
  "messageType": "TALK",
  "_class": "com.ssafy.drcha.chat.entity.ChatMessage"
},
{
  "_id": {
    "$oid": "67075744ca7b1715b650b719"
  },
  "chatRoomId": "108",
  "senderId": "4",
  "content": "ㅇㅋ",
  "createdAt": {
    "$date": "2024-10-10T04:25:40.318Z"
  },
  "messageType": "TALK",
  "_class": "com.ssafy.drcha.chat.entity.ChatMessage"
},
{
  "_id": {
    "$oid": "67075744ca7b1715b650b71a"
  },
  "chatRoomId": "108",
  "senderId": "2",
  "content": "ㅋㅋㅋㅋ",
  "createdAt": {
    "$date": "2024-10-10T04:25:40.403Z"
  },
  "messageType": "TALK",
  "_class": "com.ssafy.drcha.chat.entity.ChatMessage"
},
{
  "_id": {
    "$oid": "67075747ca7b1715b650b71b"
  },
  "chatRoomId": "108",
  "senderId": "4",
  "content": "언제갚을거야",
  "createdAt": {
    "$date": "2024-10-10T04:25:43.963Z"
  },
  "messageType": "TALK",
  "_class": "com.ssafy.drcha.chat.entity.ChatMessage"
},
{
  "_id": {
    "$oid": "67075748ca7b1715b650b71c"
  },
  "chatRoomId": "108",
  "senderId": "2",
  "content": "다음주에 갚을게",
  "createdAt": {
    "$date": "2024-10-10T04:25:44.656Z"
  },
  "messageType": "TALK",
  "_class": "com.ssafy.drcha.chat.entity.ChatMessage"
},
{
  "_id": {
    "$oid": "6707574eca7b1715b650b71d"
  },
  "chatRoomId": "108",
  "senderId": "4",
  "content": "금요일?",
  "createdAt": {
    "$date": "2024-10-10T04:25:50.592Z"
  },
  "messageType": "TALK",
  "_class": "com.ssafy.drcha.chat.entity.ChatMessage"
},
{
  "_id": {
    "$oid": "67075751ca7b1715b650b71e"
  },
  "chatRoomId": "108",
  "senderId": "2",
  "content": "제발 ㅜㅜ",
  "createdAt": {
    "$date": "2024-10-10T04:25:53.276Z"
  },
  "messageType": "TALK",
  "_class": "com.ssafy.drcha.chat.entity.ChatMessage"
},
{
  "_id": {
    "$oid": "67075757ca7b1715b650b71f"
  },
  "chatRoomId": "108",
  "senderId": "2",
  "content": "엉 다음주 금요일",
  "createdAt": {
    "$date": "2024-10-10T04:25:59.498Z"
  },
  "messageType": "TALK",
  "_class": "com.ssafy.drcha.chat.entity.ChatMessage"
},
{
  "_id": {
    "$oid": "6707575cca7b1715b650b720"
  },
  "chatRoomId": "108",
  "senderId": "0",
  "content": "차용증이 생성되었습니다. 상세 내용을 확인하세요.",
  "createdAt": {
    "$date": "2024-10-10T04:26:04.430Z"
  },
  "messageType": "IOU",
  "iouInfo": {
    "iouId": {
      "$numberLong": "51"
    },
    "creditorName": "이지원",
    "debtorName": "강민서",
    "iouAmount": {
      "$numberLong": "5000"
    },
    "contractStartDate": {
      "$date": "2024-10-10T04:26:04.284Z"
    },
    "contractEndDate": {
      "$date": "2024-10-18T00:00:00.000Z"
    },
    "interestRate": 0,
    "borrowerAgreement": true,
    "lenderAgreement": true,
    "totalAmount": {
      "$numberLong": "5000"
    },
    "creditorPhoneNumber": "010-1313-1313",
    "debtorPhoneNumber": "010-4505-5929",
    "contractStatus": "DRAFTING"
  },
  "_class": "com.ssafy.drcha.chat.entity.ChatMessage"
},
{
  "_id": {
    "$oid": "670757ccca7b1715b650b721"
  },
  "chatRoomId": "109",
  "senderId": "3",
  "content": "지",
  "createdAt": {
    "$date": "2024-10-10T04:27:56.729Z"
  },
  "messageType": "TALK",
  "_class": "com.ssafy.drcha.chat.entity.ChatMessage"
},
{
  "_id": {
    "$oid": "670757dbca7b1715b650b722"
  },
  "chatRoomId": "109",
  "senderId": "3",
  "content": "오만원만",
  "createdAt": {
    "$date": "2024-10-10T04:28:11.204Z"
  },
  "messageType": "TALK",
  "_class": "com.ssafy.drcha.chat.entity.ChatMessage"
},
{
  "_id": {
    "$oid": "670757dfca7b1715b650b723"
  },
  "chatRoomId": "109",
  "senderId": "0",
  "content": "차용증이 생성되었습니다. 상세 내용을 확인하세요.",
  "createdAt": {
    "$date": "2024-10-10T04:28:15.416Z"
  },
  "messageType": "IOU",
  "iouInfo": {
    "iouId": {
      "$numberLong": "52"
    },
    "creditorName": "지종권",
    "debtorName": "박경림",
    "iouAmount": {
      "$numberLong": "10000"
    },
    "contractStartDate": {
      "$date": "2024-10-10T04:28:15.307Z"
    },
    "contractEndDate": {
      "$date": "2024-10-10T15:12:00.000Z"
    },
    "interestRate": 0,
    "borrowerAgreement": false,
    "lenderAgreement": false,
    "totalAmount": {
      "$numberLong": "10000"
    },
    "creditorPhoneNumber": "01037203451",
    "debtorPhoneNumber": "010-5787-4648",
    "contractStatus": "DRAFTING"
  },
  "_class": "com.ssafy.drcha.chat.entity.ChatMessage"
},
{
  "_id": {
    "$oid": "670757f0ca7b1715b650b724"
  },
  "chatRoomId": "109",
  "senderId": "3",
  "content": "야 오만원이라고",
  "createdAt": {
    "$date": "2024-10-10T04:28:32.245Z"
  },
  "messageType": "TALK",
  "_class": "com.ssafy.drcha.chat.entity.ChatMessage"
},
{
  "_id": {
    "$oid": "670757f7ca7b1715b650b725"
  },
  "chatRoomId": "109",
  "senderId": "0",
  "content": "차용증이 생성되었습니다. 상세 내용을 확인하세요.",
  "createdAt": {
    "$date": "2024-10-10T04:28:39.551Z"
  },
  "messageType": "IOU",
  "iouInfo": {
    "iouId": {
      "$numberLong": "52"
    },
    "creditorName": "지종권",
    "debtorName": "박경림",
    "iouAmount": {
      "$numberLong": "50000"
    },
    "contractStartDate": {
      "$date": "2024-10-10T04:28:15.307Z"
    },
    "contractEndDate": {
      "$date": "2024-11-26T00:00:00.000Z"
    },
    "interestRate": 0,
    "borrowerAgreement": false,
    "lenderAgreement": false,
    "totalAmount": {
      "$numberLong": "50000"
    },
    "creditorPhoneNumber": "01037203451",
    "debtorPhoneNumber": "010-5787-4648",
    "contractStatus": "DRAFTING"
  },
  "_class": "com.ssafy.drcha.chat.entity.ChatMessage"
},
{
  "_id": {
    "$oid": "670757fcca7b1715b650b726"
  },
  "chatRoomId": "109",
  "senderId": "3",
  "content": "굳",
  "createdAt": {
    "$date": "2024-10-10T04:28:44.197Z"
  },
  "messageType": "TALK",
  "_class": "com.ssafy.drcha.chat.entity.ChatMessage"
},
{
  "_id": {
    "$oid": "670758ffca7b1715b650b727"
  },
  "chatRoomId": "108",
  "senderId": "2",
  "content": "어이",
  "createdAt": {
    "$date": "2024-10-10T04:33:03.039Z"
  },
  "messageType": "TALK",
  "_class": "com.ssafy.drcha.chat.entity.ChatMessage"
},
{
  "_id": {
    "$oid": "67075901ca7b1715b650b728"
  },
  "chatRoomId": "108",
  "senderId": "2",
  "content": "이지원이~~",
  "createdAt": {
    "$date": "2024-10-10T04:33:05.093Z"
  },
  "messageType": "TALK",
  "_class": "com.ssafy.drcha.chat.entity.ChatMessage"
},
{
  "_id": {
    "$oid": "67075904ca7b1715b650b729"
  },
  "chatRoomId": "108",
  "senderId": "2",
  "content": "어이~~~",
  "createdAt": {
    "$date": "2024-10-10T04:33:08.749Z"
  },
  "messageType": "TALK",
  "_class": "com.ssafy.drcha.chat.entity.ChatMessage"
},
{
  "_id": {
    "$oid": "67075906ca7b1715b650b72a"
  },
  "chatRoomId": "108",
  "senderId": "2",
  "content": "이지ㅏ원이~~~",
  "createdAt": {
    "$date": "2024-10-10T04:33:10.544Z"
  },
  "messageType": "TALK",
  "_class": "com.ssafy.drcha.chat.entity.ChatMessage"
},
{
  "_id": {
    "$oid": "67075908ca7b1715b650b72b"
  },
  "chatRoomId": "108",
  "senderId": "2",
  "content": "어이`~~",
  "createdAt": {
    "$date": "2024-10-10T04:33:12.142Z"
  },
  "messageType": "TALK",
  "_class": "com.ssafy.drcha.chat.entity.ChatMessage"
},
{
  "_id": {
    "$oid": "6707590aca7b1715b650b72c"
  },
  "chatRoomId": "108",
  "senderId": "2",
  "content": "돈 갚아야제??",
  "createdAt": {
    "$date": "2024-10-10T04:33:14.206Z"
  },
  "messageType": "TALK",
  "_class": "com.ssafy.drcha.chat.entity.ChatMessage"
},
{
  "_id": {
    "$oid": "6707590bca7b1715b650b72d"
  },
  "chatRoomId": "108",
  "senderId": "2",
  "content": "어잉?",
  "createdAt": {
    "$date": "2024-10-10T04:33:15.641Z"
  },
  "messageType": "TALK",
  "_class": "com.ssafy.drcha.chat.entity.ChatMessage"
},
{
  "_id": {
    "$oid": "6707590eca7b1715b650b72e"
  },
  "chatRoomId": "108",
  "senderId": "2",
  "content": "앙?",
  "createdAt": {
    "$date": "2024-10-10T04:33:18.184Z"
  },
  "messageType": "TALK",
  "_class": "com.ssafy.drcha.chat.entity.ChatMessage"
},
{
  "_id": {
    "$oid": "6707592fca7b1715b650b72f"
  },
  "chatRoomId": "108",
  "senderId": "2",
  "content": "ㅍㅊㅌㅇㅀㄹㅇㅎㅀㅇㅀㅇㅀ",
  "createdAt": {
    "$date": "2024-10-10T04:33:51.058Z"
  },
  "messageType": "TALK",
  "_class": "com.ssafy.drcha.chat.entity.ChatMessage"
},
{
  "_id": {
    "$oid": "67075a64ca7b1715b650b730"
  },
  "chatRoomId": "108",
  "senderId": "4",
  "content": "ㅇㅁㅇㅁㅇ",
  "createdAt": {
    "$date": "2024-10-10T04:39:00.314Z"
  },
  "messageType": "TALK",
  "_class": "com.ssafy.drcha.chat.entity.ChatMessage"
},
{
  "_id": {
    "$oid": "67075a65ca7b1715b650b731"
  },
  "chatRoomId": "108",
  "senderId": "4",
  "content": "ㅁㅇㅁㅇ",
  "createdAt": {
    "$date": "2024-10-10T04:39:01.274Z"
  },
  "messageType": "TALK",
  "_class": "com.ssafy.drcha.chat.entity.ChatMessage"
},
{
  "_id": {
    "$oid": "67075a66ca7b1715b650b732"
  },
  "chatRoomId": "108",
  "senderId": "4",
  "content": "ㅁㅇㅂㅇㅁㅇㅇㅂ",
  "createdAt": {
    "$date": "2024-10-10T04:39:02.202Z"
  },
  "messageType": "TALK",
  "_class": "com.ssafy.drcha.chat.entity.ChatMessage"
},
{
  "_id": {
    "$oid": "67075a6bca7b1715b650b733"
  },
  "chatRoomId": "108",
  "senderId": "4",
  "content": "ㅂㅈㄷㅂㅈㄷ",
  "createdAt": {
    "$date": "2024-10-10T04:39:07.481Z"
  },
  "messageType": "TALK",
  "_class": "com.ssafy.drcha.chat.entity.ChatMessage"
},
{
  "_id": {
    "$oid": "67075a6cca7b1715b650b734"
  },
  "chatRoomId": "108",
  "senderId": "4",
  "content": "ㅂㄷㅁㄴㅇㅁ",
  "createdAt": {
    "$date": "2024-10-10T04:39:08.353Z"
  },
  "messageType": "TALK",
  "_class": "com.ssafy.drcha.chat.entity.ChatMessage"
},
{
  "_id": {
    "$oid": "67075a6cca7b1715b650b735"
  },
  "chatRoomId": "108",
  "senderId": "4",
  "content": "ㅋㅌㅊㅋㅌㅊ",
  "createdAt": {
    "$date": "2024-10-10T04:39:08.863Z"
  },
  "messageType": "TALK",
  "_class": "com.ssafy.drcha.chat.entity.ChatMessage"
},
{
  "_id": {
    "$oid": "67075c6eca7b1715b650b736"
  },
  "chatRoomId": "108",
  "senderId": "4",
  "content": "이제",
  "createdAt": {
    "$date": "2024-10-10T04:47:42.423Z"
  },
  "messageType": "TALK",
  "_class": "com.ssafy.drcha.chat.entity.ChatMessage"
},
{
  "_id": {
    "$oid": "67075c6fca7b1715b650b737"
  },
  "chatRoomId": "108",
  "senderId": "4",
  "content": "되나",
  "createdAt": {
    "$date": "2024-10-10T04:47:43.171Z"
  },
  "messageType": "TALK",
  "_class": "com.ssafy.drcha.chat.entity.ChatMessage"
},
{
  "_id": {
    "$oid": "67075c70ca7b1715b650b738"
  },
  "chatRoomId": "108",
  "senderId": "4",
  "content": "?",
  "createdAt": {
    "$date": "2024-10-10T04:47:44.805Z"
  },
  "messageType": "TALK",
  "_class": "com.ssafy.drcha.chat.entity.ChatMessage"
},
{
  "_id": {
    "$oid": "67075c8cca7b1715b650b739"
  },
  "chatRoomId": "108",
  "senderId": "4",
  "content": "ㅛㄹ여ㅏ",
  "createdAt": {
    "$date": "2024-10-10T04:48:12.151Z"
  },
  "messageType": "TALK",
  "_class": "com.ssafy.drcha.chat.entity.ChatMessage"
},
{
  "_id": {
    "$oid": "67075c8dca7b1715b650b73a"
  },
  "chatRoomId": "108",
  "senderId": "4",
  "content": "ㅁㄹㅇㄶㅇㅋㅎ",
  "createdAt": {
    "$date": "2024-10-10T04:48:13.138Z"
  },
  "messageType": "TALK",
  "_class": "com.ssafy.drcha.chat.entity.ChatMessage"
},
{
  "_id": {
    "$oid": "67075c8dca7b1715b650b73b"
  },
  "chatRoomId": "108",
  "senderId": "4",
  "content": "ㅋㅌㅊㅍ",
  "createdAt": {
    "$date": "2024-10-10T04:48:13.695Z"
  },
  "messageType": "TALK",
  "_class": "com.ssafy.drcha.chat.entity.ChatMessage"
},
{
  "_id": {
    "$oid": "67075e632bf7e85ba518e5e9"
  },
  "chatRoomId": "111",
  "senderId": "3",
  "content": "이만원만",
  "createdAt": {
    "$date": "2024-10-10T04:56:03.940Z"
  },
  "messageType": "TALK",
  "_class": "com.ssafy.drcha.chat.entity.ChatMessage"
},
{
  "_id": {
    "$oid": "67075e662bf7e85ba518e5ea"
  },
  "chatRoomId": "111",
  "senderId": "3",
  "content": "그냥 주라",
  "createdAt": {
    "$date": "2024-10-10T04:56:06.982Z"
  },
  "messageType": "TALK",
  "_class": "com.ssafy.drcha.chat.entity.ChatMessage"
},
{
  "_id": {
    "$oid": "67075e702bf7e85ba518e5eb"
  },
  "chatRoomId": "111",
  "senderId": "3",
  "content": "그냥",
  "createdAt": {
    "$date": "2024-10-10T04:56:16.762Z"
  },
  "messageType": "TALK",
  "_class": "com.ssafy.drcha.chat.entity.ChatMessage"
},
{
  "_id": {
    "$oid": "67075e732bf7e85ba518e5ec"
  },
  "chatRoomId": "111",
  "senderId": "3",
  "content": "이만원",
  "createdAt": {
    "$date": "2024-10-10T04:56:19.372Z"
  },
  "messageType": "TALK",
  "_class": "com.ssafy.drcha.chat.entity.ChatMessage"
},
{
  "_id": {
    "$oid": "67075e762bf7e85ba518e5ed"
  },
  "chatRoomId": "111",
  "senderId": "3",
  "content": "주면 안돼",
  "createdAt": {
    "$date": "2024-10-10T04:56:22.871Z"
  },
  "messageType": "TALK",
  "_class": "com.ssafy.drcha.chat.entity.ChatMessage"
},
{
  "_id": {
    "$oid": "67075e85c006c6244632ae28"
  },
  "chatRoomId": "111",
  "senderId": "4",
  "content": "1",
  "createdAt": {
    "$date": "2024-10-10T04:56:37.682Z"
  },
  "messageType": "TALK",
  "_class": "com.ssafy.drcha.chat.entity.ChatMessage"
},
{
  "_id": {
    "$oid": "67075e87c006c6244632ae29"
  },
  "chatRoomId": "111",
  "senderId": "4",
  "content": "123",
  "createdAt": {
    "$date": "2024-10-10T04:56:39.097Z"
  },
  "messageType": "TALK",
  "_class": "com.ssafy.drcha.chat.entity.ChatMessage"
},
{
  "_id": {
    "$oid": "67075e992bf7e85ba518e5ee"
  },
  "chatRoomId": "111",
  "senderId": "3",
  "content": "삼만원",
  "createdAt": {
    "$date": "2024-10-10T04:56:57.901Z"
  },
  "messageType": "TALK",
  "_class": "com.ssafy.drcha.chat.entity.ChatMessage"
},
{
  "_id": {
    "$oid": "67075ea02bf7e85ba518e5ef"
  },
  "chatRoomId": "111",
  "senderId": "3",
  "content": "30",
  "createdAt": {
    "$date": "2024-10-10T04:57:04.761Z"
  },
  "messageType": "TALK",
  "_class": "com.ssafy.drcha.chat.entity.ChatMessage"
},
{
  "_id": {
    "$oid": "67075ecd2bf7e85ba518e5f0"
  },
  "chatRoomId": "111",
  "senderId": "4",
  "content": "ㅋㅌㅊ",
  "createdAt": {
    "$date": "2024-10-10T04:57:49.358Z"
  },
  "messageType": "TALK",
  "_class": "com.ssafy.drcha.chat.entity.ChatMessage"
},
{
  "_id": {
    "$oid": "67075ecd2bf7e85ba518e5f1"
  },
  "chatRoomId": "111",
  "senderId": "4",
  "content": "ㅋㅌㅊ",
  "createdAt": {
    "$date": "2024-10-10T04:57:49.791Z"
  },
  "messageType": "TALK",
  "_class": "com.ssafy.drcha.chat.entity.ChatMessage"
},
{
  "_id": {
    "$oid": "67075ece2bf7e85ba518e5f2"
  },
  "chatRoomId": "111",
  "senderId": "4",
  "content": "ㅋㅌㅊ",
  "createdAt": {
    "$date": "2024-10-10T04:57:50.362Z"
  },
  "messageType": "TALK",
  "_class": "com.ssafy.drcha.chat.entity.ChatMessage"
},
{
  "_id": {
    "$oid": "67075ed22bf7e85ba518e5f3"
  },
  "chatRoomId": "111",
  "senderId": "3",
  "content": "20",
  "createdAt": {
    "$date": "2024-10-10T04:57:54.907Z"
  },
  "messageType": "TALK",
  "_class": "com.ssafy.drcha.chat.entity.ChatMessage"
},
{
  "_id": {
    "$oid": "67075ed62bf7e85ba518e5f4"
  },
  "chatRoomId": "111",
  "senderId": "3",
  "content": "ㅇ",
  "createdAt": {
    "$date": "2024-10-10T04:57:58.812Z"
  },
  "messageType": "TALK",
  "_class": "com.ssafy.drcha.chat.entity.ChatMessage"
},
{
  "_id": {
    "$oid": "67075edd2bf7e85ba518e5f5"
  },
  "chatRoomId": "111",
  "senderId": "3",
  "content": "ㅋ",
  "createdAt": {
    "$date": "2024-10-10T04:58:05.801Z"
  },
  "messageType": "TALK",
  "_class": "com.ssafy.drcha.chat.entity.ChatMessage"
},
{
  "_id": {
    "$oid": "67075ee52bf7e85ba518e5f6"
  },
  "chatRoomId": "111",
  "senderId": "3",
  "content": "하나",
  "createdAt": {
    "$date": "2024-10-10T04:58:13.901Z"
  },
  "messageType": "TALK",
  "_class": "com.ssafy.drcha.chat.entity.ChatMessage"
},
{
  "_id": {
    "$oid": "67076ca9c006c6244632ae2a"
  },
  "chatRoomId": "17",
  "senderId": "4",
  "content": "123",
  "createdAt": {
    "$date": "2024-10-10T05:56:57.068Z"
  },
  "messageType": "TALK",
  "_class": "com.ssafy.drcha.chat.entity.ChatMessage"
},
{
  "_id": {
    "$oid": "67076caac006c6244632ae2b"
  },
  "chatRoomId": "17",
  "senderId": "4",
  "content": "123123",
  "createdAt": {
    "$date": "2024-10-10T05:56:58.509Z"
  },
  "messageType": "TALK",
  "_class": "com.ssafy.drcha.chat.entity.ChatMessage"
},
{
  "_id": {
    "$oid": "67076ccec006c6244632ae2c"
  },
  "chatRoomId": "17",
  "senderId": "4",
  "content": "ㅂㅈㄷㅂㅈㄷ",
  "createdAt": {
    "$date": "2024-10-10T05:57:34.363Z"
  },
  "messageType": "TALK",
  "_class": "com.ssafy.drcha.chat.entity.ChatMessage"
},
{
  "_id": {
    "$oid": "67076ccfc006c6244632ae2d"
  },
  "chatRoomId": "17",
  "senderId": "4",
  "content": "123123",
  "createdAt": {
    "$date": "2024-10-10T05:57:35.286Z"
  },
  "messageType": "TALK",
  "_class": "com.ssafy.drcha.chat.entity.ChatMessage"
},
{
  "_id": {
    "$oid": "67076d0b2bf7e85ba518e5f7"
  },
  "chatRoomId": "17",
  "senderId": "1",
  "content": "dsfdsjjdsfu",
  "createdAt": {
    "$date": "2024-10-10T05:58:35.515Z"
  },
  "messageType": "TALK",
  "_class": "com.ssafy.drcha.chat.entity.ChatMessage"
},
{
  "_id": {
    "$oid": "67076d0d2bf7e85ba518e5f8"
  },
  "chatRoomId": "17",
  "senderId": "4",
  "content": "ㅂㅈㄷ",
  "createdAt": {
    "$date": "2024-10-10T05:58:37.019Z"
  },
  "messageType": "TALK",
  "_class": "com.ssafy.drcha.chat.entity.ChatMessage"
},
{
  "_id": {
    "$oid": "67076d0d2bf7e85ba518e5f9"
  },
  "chatRoomId": "17",
  "senderId": "1",
  "content": "azzzz",
  "createdAt": {
    "$date": "2024-10-10T05:58:37.089Z"
  },
  "messageType": "TALK",
  "_class": "com.ssafy.drcha.chat.entity.ChatMessage"
},
{
  "_id": {
    "$oid": "67076d0d2bf7e85ba518e5fa"
  },
  "chatRoomId": "17",
  "senderId": "4",
  "content": "ㅂㅈㄷ",
  "createdAt": {
    "$date": "2024-10-10T05:58:37.314Z"
  },
  "messageType": "TALK",
  "_class": "com.ssafy.drcha.chat.entity.ChatMessage"
},
{
  "_id": {
    "$oid": "67076d0d2bf7e85ba518e5fb"
  },
  "chatRoomId": "17",
  "senderId": "4",
  "content": "ㅂㅈㄷ",
  "createdAt": {
    "$date": "2024-10-10T05:58:37.541Z"
  },
  "messageType": "TALK",
  "_class": "com.ssafy.drcha.chat.entity.ChatMessage"
},
{
  "_id": {
    "$oid": "67076d0d2bf7e85ba518e5fc"
  },
  "chatRoomId": "17",
  "senderId": "4",
  "content": "ㅂㅈㄷ",
  "createdAt": {
    "$date": "2024-10-10T05:58:37.707Z"
  },
  "messageType": "TALK",
  "_class": "com.ssafy.drcha.chat.entity.ChatMessage"
},
{
  "_id": {
    "$oid": "67076d0f2bf7e85ba518e5fd"
  },
  "chatRoomId": "17",
  "senderId": "4",
  "content": "ㅂㄷㅈ",
  "createdAt": {
    "$date": "2024-10-10T05:58:39.629Z"
  },
  "messageType": "TALK",
  "_class": "com.ssafy.drcha.chat.entity.ChatMessage"
},
{
  "_id": {
    "$oid": "67076d352bf7e85ba518e5fe"
  },
  "chatRoomId": "17",
  "senderId": "1",
  "content": "10만원만 빌려줘",
  "createdAt": {
    "$date": "2024-10-10T05:59:17.751Z"
  },
  "messageType": "TALK",
  "_class": "com.ssafy.drcha.chat.entity.ChatMessage"
},
{
  "_id": {
    "$oid": "67076d3a2bf7e85ba518e5ff"
  },
  "chatRoomId": "17",
  "senderId": "1",
  "content": "다음달까지 갚을게",
  "createdAt": {
    "$date": "2024-10-10T05:59:22.131Z"
  },
  "messageType": "TALK",
  "_class": "com.ssafy.drcha.chat.entity.ChatMessage"
},
{
  "_id": {
    "$oid": "67076d3a2bf7e85ba518e600"
  },
  "chatRoomId": "17",
  "senderId": "4",
  "content": "언제 갚을거야",
  "createdAt": {
    "$date": "2024-10-10T05:59:22.905Z"
  },
  "messageType": "TALK",
  "_class": "com.ssafy.drcha.chat.entity.ChatMessage"
},
{
  "_id": {
    "$oid": "67076d3e2bf7e85ba518e601"
  },
  "chatRoomId": "17",
  "senderId": "4",
  "content": "다음달 ㅇㅋ",
  "createdAt": {
    "$date": "2024-10-10T05:59:26.686Z"
  },
  "messageType": "TALK",
  "_class": "com.ssafy.drcha.chat.entity.ChatMessage"
},
{
  "_id": {
    "$oid": "67076d7d2bf7e85ba518e602"
  },
  "chatRoomId": "17",
  "senderId": "0",
  "content": "차용증이 생성되었습니다. 상세 내용을 확인하세요.",
  "createdAt": {
    "$date": "2024-10-10T06:00:29.304Z"
  },
  "messageType": "IOU",
  "iouInfo": {
    "iouId": {
      "$numberLong": "41"
    },
    "creditorName": "이지원",
    "debtorName": "김선웅",
    "iouAmount": {
      "$numberLong": "100000"
    },
    "contractStartDate": {
      "$date": "2024-10-08T08:01:15.831Z"
    },
    "contractEndDate": {
      "$date": "2024-11-10T00:00:00.000Z"
    },
    "interestRate": 0,
    "borrowerAgreement": true,
    "lenderAgreement": true,
    "totalAmount": {
      "$numberLong": "100000"
    },
    "creditorPhoneNumber": "010-1313-1313",
    "debtorPhoneNumber": "010-3424-1232",
    "contractStatus": "DRAFTING"
  },
  "_class": "com.ssafy.drcha.chat.entity.ChatMessage"
},
{
  "_id": {
    "$oid": "67076de22bf7e85ba518e603"
  },
  "chatRoomId": "108",
  "senderId": "2",
  "content": "asdasdsad",
  "createdAt": {
    "$date": "2024-10-10T06:02:10.771Z"
  },
  "messageType": "TALK",
  "_class": "com.ssafy.drcha.chat.entity.ChatMessage"
},
{
  "_id": {
    "$oid": "67076de32bf7e85ba518e604"
  },
  "chatRoomId": "108",
  "senderId": "2",
  "content": "asdasd",
  "createdAt": {
    "$date": "2024-10-10T06:02:11.494Z"
  },
  "messageType": "TALK",
  "_class": "com.ssafy.drcha.chat.entity.ChatMessage"
},
{
  "_id": {
    "$oid": "67076de42bf7e85ba518e605"
  },
  "chatRoomId": "108",
  "senderId": "2",
  "content": "asdasd",
  "createdAt": {
    "$date": "2024-10-10T06:02:12.227Z"
  },
  "messageType": "TALK",
  "_class": "com.ssafy.drcha.chat.entity.ChatMessage"
},
{
  "_id": {
    "$oid": "67076de42bf7e85ba518e606"
  },
  "chatRoomId": "108",
  "senderId": "2",
  "content": "asd",
  "createdAt": {
    "$date": "2024-10-10T06:02:12.990Z"
  },
  "messageType": "TALK",
  "_class": "com.ssafy.drcha.chat.entity.ChatMessage"
},
{
  "_id": {
    "$oid": "67076e002bf7e85ba518e607"
  },
  "chatRoomId": "108",
  "senderId": "2",
  "content": "asdasdasd",
  "createdAt": {
    "$date": "2024-10-10T06:02:40.661Z"
  },
  "messageType": "TALK",
  "_class": "com.ssafy.drcha.chat.entity.ChatMessage"
},
{
  "_id": {
    "$oid": "67076e012bf7e85ba518e608"
  },
  "chatRoomId": "108",
  "senderId": "2",
  "content": "ㅋㅋ",
  "createdAt": {
    "$date": "2024-10-10T06:02:41.405Z"
  },
  "messageType": "TALK",
  "_class": "com.ssafy.drcha.chat.entity.ChatMessage"
},
{
  "_id": {
    "$oid": "67076e022bf7e85ba518e609"
  },
  "chatRoomId": "108",
  "senderId": "2",
  "content": "다시",
  "createdAt": {
    "$date": "2024-10-10T06:02:42.322Z"
  },
  "messageType": "TALK",
  "_class": "com.ssafy.drcha.chat.entity.ChatMessage"
},
{
  "_id": {
    "$oid": "67076e032bf7e85ba518e60a"
  },
  "chatRoomId": "108",
  "senderId": "2",
  "content": "제발",
  "createdAt": {
    "$date": "2024-10-10T06:02:43.161Z"
  },
  "messageType": "TALK",
  "_class": "com.ssafy.drcha.chat.entity.ChatMessage"
},
{
  "_id": {
    "$oid": "67076e132bf7e85ba518e60b"
  },
  "chatRoomId": "108",
  "senderId": "4",
  "content": "다시ㄱㄱ",
  "createdAt": {
    "$date": "2024-10-10T06:02:59.388Z"
  },
  "messageType": "TALK",
  "_class": "com.ssafy.drcha.chat.entity.ChatMessage"
},
{
  "_id": {
    "$oid": "67076e182bf7e85ba518e60c"
  },
  "chatRoomId": "108",
  "senderId": "2",
  "content": "다시",
  "createdAt": {
    "$date": "2024-10-10T06:03:04.756Z"
  },
  "messageType": "TALK",
  "_class": "com.ssafy.drcha.chat.entity.ChatMessage"
},
{
  "_id": {
    "$oid": "67076e192bf7e85ba518e60d"
  },
  "chatRoomId": "108",
  "senderId": "2",
  "content": "ㄱㄱ",
  "createdAt": {
    "$date": "2024-10-10T06:03:05.073Z"
  },
  "messageType": "TALK",
  "_class": "com.ssafy.drcha.chat.entity.ChatMessage"
},
{
  "_id": {
    "$oid": "67076e192bf7e85ba518e60e"
  },
  "chatRoomId": "108",
  "senderId": "2",
  "content": "ㅅㅅ",
  "createdAt": {
    "$date": "2024-10-10T06:03:05.849Z"
  },
  "messageType": "TALK",
  "_class": "com.ssafy.drcha.chat.entity.ChatMessage"
},
{
  "_id": {
    "$oid": "67077021c006c6244632ae2e"
  },
  "chatRoomId": "17",
  "senderId": "4",
  "content": "1",
  "createdAt": {
    "$date": "2024-10-10T06:11:45.362Z"
  },
  "messageType": "TALK",
  "_class": "com.ssafy.drcha.chat.entity.ChatMessage"
},
{
  "_id": {
    "$oid": "6707703ac006c6244632ae2f"
  },
  "chatRoomId": "17",
  "senderId": "4",
  "content": "1",
  "createdAt": {
    "$date": "2024-10-10T06:12:10.214Z"
  },
  "messageType": "TALK",
  "_class": "com.ssafy.drcha.chat.entity.ChatMessage"
},
{
  "_id": {
    "$oid": "6707773fe67cd7522459a0de"
  },
  "chatRoomId": "113",
  "senderId": "3",
  "content": "오빠",
  "createdAt": {
    "$date": "2024-10-10T06:42:07.161Z"
  },
  "messageType": "TALK",
  "_class": "com.ssafy.drcha.chat.entity.ChatMessage"
},
{
  "_id": {
    "$oid": "67077741e67cd7522459a0df"
  },
  "chatRoomId": "113",
  "senderId": "3",
  "content": "안녕",
  "createdAt": {
    "$date": "2024-10-10T06:42:09.398Z"
  },
  "messageType": "TALK",
  "_class": "com.ssafy.drcha.chat.entity.ChatMessage"
},
{
  "_id": {
    "$oid": "6707774ce67cd7522459a0e0"
  },
  "chatRoomId": "113",
  "senderId": "3",
  "content": "나 이만원만 빌려주라",
  "createdAt": {
    "$date": "2024-10-10T06:42:20.671Z"
  },
  "messageType": "TALK",
  "_class": "com.ssafy.drcha.chat.entity.ChatMessage"
},
{
  "_id": {
    "$oid": "6707774fe67cd7522459a0e1"
  },
  "chatRoomId": "113",
  "senderId": "3",
  "content": "마라샹궈 사먹게?",
  "createdAt": {
    "$date": "2024-10-10T06:42:23.721Z"
  },
  "messageType": "TALK",
  "_class": "com.ssafy.drcha.chat.entity.ChatMessage"
},
{
  "_id": {
    "$oid": "67077753e67cd7522459a0e2"
  },
  "chatRoomId": "113",
  "senderId": "1",
  "content": "이만원?",
  "createdAt": {
    "$date": "2024-10-10T06:42:27.762Z"
  },
  "messageType": "TALK",
  "_class": "com.ssafy.drcha.chat.entity.ChatMessage"
},
{
  "_id": {
    "$oid": "67077757e67cd7522459a0e3"
  },
  "chatRoomId": "113",
  "senderId": "1",
  "content": "그 정도는 빌려주지",
  "createdAt": {
    "$date": "2024-10-10T06:42:31.748Z"
  },
  "messageType": "TALK",
  "_class": "com.ssafy.drcha.chat.entity.ChatMessage"
},
{
  "_id": {
    "$oid": "6707775be67cd7522459a0e4"
  },
  "chatRoomId": "113",
  "senderId": "3",
  "content": "고마워~",
  "createdAt": {
    "$date": "2024-10-10T06:42:35.128Z"
  },
  "messageType": "TALK",
  "_class": "com.ssafy.drcha.chat.entity.ChatMessage"
},
{
  "_id": {
    "$oid": "67077762e67cd7522459a0e5"
  },
  "chatRoomId": "113",
  "senderId": "3",
  "content": "이번 주 금요일에 갚을게!!",
  "createdAt": {
    "$date": "2024-10-10T06:42:42.351Z"
  },
  "messageType": "TALK",
  "_class": "com.ssafy.drcha.chat.entity.ChatMessage"
},
{
  "_id": {
    "$oid": "67077796e67cd7522459a0e6"
  },
  "chatRoomId": "113",
  "senderId": "3",
  "content": "진짜진짜 고마워",
  "createdAt": {
    "$date": "2024-10-10T06:43:34.925Z"
  },
  "messageType": "TALK",
  "_class": "com.ssafy.drcha.chat.entity.ChatMessage"
},
{
  "_id": {
    "$oid": "6707779be67cd7522459a0e7"
  },
  "chatRoomId": "113",
  "senderId": "1",
  "content": "오냐",
  "createdAt": {
    "$date": "2024-10-10T06:43:39.098Z"
  },
  "messageType": "TALK",
  "_class": "com.ssafy.drcha.chat.entity.ChatMessage"
},
{
  "_id": {
    "$oid": "6707779de67cd7522459a0e8"
  },
  "chatRoomId": "113",
  "senderId": "1",
  "content": "차용증 만들게",
  "createdAt": {
    "$date": "2024-10-10T06:43:41.733Z"
  },
  "messageType": "TALK",
  "_class": "com.ssafy.drcha.chat.entity.ChatMessage"
},
{
  "_id": {
    "$oid": "670777a2e67cd7522459a0e9"
  },
  "chatRoomId": "113",
  "senderId": "3",
  "content": "응응",
  "createdAt": {
    "$date": "2024-10-10T06:43:46.152Z"
  },
  "messageType": "TALK",
  "_class": "com.ssafy.drcha.chat.entity.ChatMessage"
},
{
  "_id": {
    "$oid": "670777cce67cd7522459a0ea"
  },
  "chatRoomId": "113",
  "senderId": "0",
  "content": "차용증이 생성되었습니다. 상세 내용을 확인하세요.",
  "createdAt": {
    "$date": "2024-10-10T06:44:28.088Z"
  },
  "messageType": "IOU",
  "iouInfo": {
    "iouId": {
      "$numberLong": "53"
    },
    "creditorName": "김선웅",
    "debtorName": "박경림",
    "iouAmount": {
      "$numberLong": "20000"
    },
    "contractStartDate": {
      "$date": "2024-10-10T06:44:27.941Z"
    },
    "contractEndDate": {
      "$date": "2024-09-13T00:00:00.000Z"
    },
    "interestRate": 0,
    "borrowerAgreement": true,
    "lenderAgreement": true,
    "totalAmount": {
      "$numberLong": "20000"
    },
    "creditorPhoneNumber": "010-3424-1232",
    "debtorPhoneNumber": "010-5787-4648",
    "contractStatus": "DRAFTING"
  },
  "_class": "com.ssafy.drcha.chat.entity.ChatMessage"
}]